"country","status","PR","CL","Total","year","FR"
"Afghanistan","NF",5,6,26,"2018",5.5
"Albania","PF",3,3,68,"2018",3
"Algeria","NF",6,5,35,"2018",5.5
"Andorra","F",1,1,96,"2018",1
"Angola","NF",6,6,26,"2018",6
"Antigua and Barbuda","F",2,2,83,"2018",2
"Argentina","F",2,2,83,"2018",2
"Armenia","PF",5,4,45,"2018",4.5
"Australia","F",1,1,98,"2018",1
"Austria","F",1,1,94,"2018",1
"Azerbaijan","NF",7,6,12,"2018",6.5
"Bahamas","F",1,1,91,"2018",1
"Bahrain","NF",7,6,12,"2018",6.5
"Bangladesh","PF",4,4,45,"2018",4
"Barbados","F",1,1,96,"2018",1
"Belarus","NF",6,6,21,"2018",6
"Belgium","F",1,1,95,"2018",1
"Belize","F",1,2,86,"2018",1.5
"Benin","F",2,2,82,"2018",2
"Bhutan","PF",3,4,55,"2018",3.5
"Bolivia","PF",3,3,67,"2018",3
"Bosnia and Herzegovina","PF",4,4,55,"2018",4
"Botswana","F",3,2,72,"2018",2.5
"Brazil","F",2,2,78,"2018",2
"Brunei","NF",6,5,28,"2018",5.5
"Bulgaria","F",2,2,80,"2018",2
"Burkina Faso","PF",4,3,60,"2018",3.5
"Burundi","NF",7,6,18,"2018",6.5
"Cambodia","NF",6,5,30,"2018",5.5
"Cameroon","NF",6,6,22,"2018",6
"Canada","F",1,1,99,"2018",1
"Cape Verde","F",1,1,90,"2018",1
"Central African Republic","NF",7,7,9,"2018",7
"Chad","NF",7,6,18,"2018",6.5
"Chile","F",1,1,94,"2018",1
"China","NF",7,6,14,"2018",6.5
"Colombia","PF",3,3,65,"2018",3
"Comoros","PF",3,4,55,"2018",3.5
"Congo (Brazzaville)","NF",7,5,21,"2018",6
"Congo (Kinshasa)","NF",7,6,17,"2018",6.5
"Costa Rica","F",1,1,91,"2018",1
"Cote d'Ivoire","PF",4,4,51,"2018",4
"Croatia","F",1,2,86,"2018",1.5
"Cuba","NF",7,6,14,"2018",6.5
"Cyprus","F",1,1,94,"2018",1
"Czech Republic","F",1,1,93,"2018",1
"Denmark","F",1,1,97,"2018",1
"Djibouti","NF",6,5,26,"2018",5.5
"Dominica","F",1,1,93,"2018",1
"Dominican Republic","PF",3,3,67,"2018",3
"Ecuador","PF",3,3,60,"2018",3
"Egypt","NF",6,6,26,"2018",6
"El Salvador","F",2,3,70,"2018",2.5
"Equatorial Guinea","NF",7,7,7,"2018",7
"Eritrea","NF",7,7,3,"2018",7
"Estonia","F",1,1,94,"2018",1
"Ethiopia","NF",7,6,12,"2018",6.5
"Fiji","PF",3,3,59,"2018",3
"Finland","F",1,1,100,"2018",1
"France","F",1,2,90,"2018",1.5
"Gabon","NF",7,5,23,"2018",6
"Georgia","PF",3,3,64,"2018",3
"Germany","F",1,1,94,"2018",1
"Ghana","F",1,2,83,"2018",1.5
"Greece","F",2,2,85,"2018",2
"Grenada","F",1,2,88,"2018",1.5
"Guatemala","PF",4,4,56,"2018",4
"Guinea","PF",5,5,41,"2018",5
"Guinea-Bissau","PF",5,5,41,"2018",5
"Guyana","F",2,3,74,"2018",2.5
"Haiti","PF",5,5,41,"2018",5
"Honduras","PF",4,4,46,"2018",4
"Hungary","F",3,2,72,"2018",2.5
"Iceland","F",1,1,95,"2018",1
"India","F",2,3,77,"2018",2.5
"Indonesia","PF",2,4,64,"2018",3
"Iran","NF",6,6,18,"2018",6
"Iraq","NF",5,6,31,"2018",5.5
"Ireland","F",1,1,96,"2018",1
"Israel","F",1,3,79,"2018",2
"Italy","F",1,1,89,"2018",1
"Jamaica","F",2,3,77,"2018",2.5
"Japan","F",1,1,96,"2018",1
"Jordan","PF",5,5,37,"2018",5
"Kazakhstan","NF",7,5,22,"2018",6
"Kenya","PF",4,4,48,"2018",4
"Kiribati","F",1,1,93,"2018",1
"Kosovo","PF",3,4,52,"2018",3.5
"Kuwait","PF",5,5,36,"2018",5
"Kyrgyzstan","PF",5,5,37,"2018",5
"Laos","NF",7,6,12,"2018",6.5
"Latvia","F",2,2,87,"2018",2
"Lebanon","PF",6,4,43,"2018",5
"Lesotho","PF",3,3,64,"2018",3
"Liberia","PF",3,3,62,"2018",3
"Libya","NF",7,6,9,"2018",6.5
"Liechtenstein","F",2,1,90,"2018",1.5
"Lithuania","F",1,1,91,"2018",1
"Luxembourg","F",1,1,98,"2018",1
"Macedonia","PF",4,3,58,"2018",3.5
"Madagascar","PF",3,4,56,"2018",3.5
"Malawi","PF",3,3,63,"2018",3
"Malaysia","PF",4,4,45,"2018",4
"Maldives","PF",5,5,35,"2018",5
"Mali","PF",5,4,44,"2018",4.5
"Malta","F",1,1,92,"2018",1
"Marshall Islands","F",1,1,92,"2018",1
"Mauritania","NF",6,5,30,"2018",5.5
"Mauritius","F",1,2,89,"2018",1.5
"Mexico","PF",3,3,62,"2018",3
"Micronesia","F",1,1,93,"2018",1
"Moldova","PF",3,3,61,"2018",3
"Monaco","F",3,1,82,"2018",2
"Mongolia","F",1,2,85,"2018",1.5
"Montenegro","PF",3,3,67,"2018",3
"Morocco","PF",5,5,39,"2018",5
"Mozambique","PF",4,4,52,"2018",4
"Myanmar","PF",5,5,31,"2018",5
"Namibia","F",2,2,77,"2018",2
"Nauru","F",2,2,81,"2018",2
"Nepal","PF",3,4,55,"2018",3.5
"Netherlands","F",1,1,99,"2018",1
"New Zealand","F",1,1,98,"2018",1
"Nicaragua","PF",5,4,44,"2018",4.5
"Niger","PF",4,4,49,"2018",4
"Nigeria","PF",3,5,50,"2018",4
"North Korea","NF",7,7,3,"2018",7
"Norway","F",1,1,100,"2018",1
"Oman","NF",6,5,23,"2018",5.5
"Pakistan","PF",4,5,43,"2018",4.5
"Palau","F",1,1,92,"2018",1
"Panama","F",2,2,83,"2018",2
"Papua New Guinea","PF",3,3,63,"2018",3
"Paraguay","PF",3,3,64,"2018",3
"Peru","F",2,3,73,"2018",2.5
"Philippines","PF",3,3,62,"2018",3
"Poland","F",1,2,85,"2018",1.5
"Portugal","F",1,1,97,"2018",1
"Qatar","NF",6,5,24,"2018",5.5
"Romania","F",2,2,84,"2018",2
"Russia","NF",7,6,20,"2018",6.5
"Rwanda","NF",6,6,23,"2018",6
"Samoa","F",2,2,80,"2018",2
"San Marino","F",1,1,97,"2018",1
"Sao Tome and Principe","F",2,2,82,"2018",2
"Saudi Arabia","NF",7,7,7,"2018",7
"Senegal","F",2,2,75,"2018",2
"Serbia","F",3,2,73,"2018",2.5
"Seychelles","PF",3,3,71,"2018",3
"Sierra Leone","PF",3,3,66,"2018",3
"Singapore","PF",4,4,52,"2018",4
"Slovakia","F",1,1,89,"2018",1
"Slovenia","F",1,1,93,"2018",1
"Solomon Islands","F",3,2,72,"2018",2.5
"Somalia","NF",7,7,7,"2018",7
"South Africa","F",2,2,78,"2018",2
"South Korea","F",2,2,84,"2018",2
"South Sudan","NF",7,7,2,"2018",7
"Spain","F",1,1,94,"2018",1
"Sri Lanka","PF",3,4,55,"2018",3.5
"St. Kitts and Nevis","F",1,1,89,"2018",1
"St. Lucia","F",1,1,91,"2018",1
"St. Vincent and the Grenadines","F",1,1,90,"2018",1
"Sudan","NF",7,7,8,"2018",7
"Suriname","F",2,2,78,"2018",2
"Swaziland","NF",7,6,16,"2018",6.5
"Sweden","F",1,1,100,"2018",1
"Switzerland","F",1,1,96,"2018",1
"Syria","NF",7,7,-1,"2018",7
"Taiwan","F",1,1,93,"2018",1
"Tajikistan","NF",7,6,11,"2018",6.5
"Tanzania","PF",4,4,52,"2018",4
"Thailand","NF",6,5,31,"2018",5.5
"The Gambia","PF",4,5,41,"2018",4.5
"Tibet","NF",7,7,1,"2018",7
"Timor-Leste","F",2,3,69,"2018",2.5
"Togo","PF",4,4,47,"2018",4
"Tonga","F",2,2,75,"2018",2
"Trinidad and Tobago","F",2,2,81,"2018",2
"Tunisia","F",2,3,70,"2018",2.5
"Turkey","NF",5,6,32,"2018",5.5
"Turkmenistan","NF",7,7,4,"2018",7
"Tuvalu","F",1,1,94,"2018",1
"Uganda","PF",6,4,37,"2018",5
"Ukraine","PF",3,3,62,"2018",3
"United Arab Emirates","NF",7,6,17,"2018",6.5
"United Kingdom","F",1,1,94,"2018",1
"United States","F",2,1,86,"2018",1.5
"Uruguay","F",1,1,98,"2018",1
"Uzbekistan","NF",7,7,7,"2018",7
"Vanuatu","F",2,2,81,"2018",2
"Venezuela","NF",6,5,26,"2018",5.5
"Vietnam","NF",7,5,20,"2018",6
"Yemen","NF",7,6,13,"2018",6.5
"Zambia","PF",4,4,55,"2018",4
"Zimbabwe","NF",6,5,30,"2018",5.5
"Afghanistan","NF",6,6,24,"2017",6
"Albania","PF",3,3,68,"2017",3
"Algeria","NF",6,5,35,"2017",5.5
"Andorra","F",1,1,95,"2017",1
"Angola","NF",6,6,24,"2017",6
"Antigua and Barbuda","F",2,2,83,"2017",2
"Argentina","F",2,2,82,"2017",2
"Armenia","PF",5,4,45,"2017",4.5
"Australia","F",1,1,98,"2017",1
"Austria","F",1,1,95,"2017",1
"Azerbaijan","NF",7,6,14,"2017",6.5
"Bahamas","F",1,1,91,"2017",1
"Bahrain","NF",7,6,12,"2017",6.5
"Bangladesh","PF",4,4,47,"2017",4
"Barbados","F",1,1,97,"2017",1
"Belarus","NF",7,6,20,"2017",6.5
"Belgium","F",1,1,95,"2017",1
"Belize","F",1,2,87,"2017",1.5
"Benin","F",2,2,82,"2017",2
"Bhutan","PF",3,4,55,"2017",3.5
"Bolivia","PF",3,3,68,"2017",3
"Bosnia and Herzegovina","PF",4,4,55,"2017",4
"Botswana","F",3,2,72,"2017",2.5
"Brazil","F",2,2,79,"2017",2
"Brunei","NF",6,5,29,"2017",5.5
"Bulgaria","F",2,2,80,"2017",2
"Burkina Faso","PF",4,3,63,"2017",3.5
"Burundi","NF",7,6,19,"2017",6.5
"Cambodia","NF",6,5,31,"2017",5.5
"Cameroon","NF",6,6,24,"2017",6
"Canada","F",1,1,99,"2017",1
"Cape Verde","F",1,1,90,"2017",1
"Central African Republic","NF",7,7,10,"2017",7
"Chad","NF",7,6,18,"2017",6.5
"Chile","F",1,1,94,"2017",1
"China","NF",7,6,15,"2017",6.5
"Colombia","PF",3,3,64,"2017",3
"Comoros","PF",3,4,55,"2017",3.5
"Congo (Brazzaville)","NF",7,5,27,"2017",6
"Congo (Kinshasa)","NF",7,6,19,"2017",6.5
"Costa Rica","F",1,1,91,"2017",1
"Cote d'Ivoire","PF",4,4,52,"2017",4
"Croatia","F",1,2,87,"2017",1.5
"Cuba","NF",7,6,15,"2017",6.5
"Cyprus","F",1,1,94,"2017",1
"Czech Republic","F",1,1,94,"2017",1
"Denmark","F",1,1,97,"2017",1
"Djibouti","NF",6,5,26,"2017",5.5
"Dominica","F",1,1,95,"2017",1
"Dominican Republic","PF",3,3,68,"2017",3
"Ecuador","PF",3,4,57,"2017",3.5
"Egypt","NF",6,5,26,"2017",5.5
"El Salvador","F",2,3,70,"2017",2.5
"Equatorial Guinea","NF",7,7,8,"2017",7
"Eritrea","NF",7,7,3,"2017",7
"Estonia","F",1,1,94,"2017",1
"Ethiopia","NF",7,6,12,"2017",6.5
"Fiji","PF",3,4,59,"2017",3.5
"Finland","F",1,1,100,"2017",1
"France","F",1,2,90,"2017",1.5
"Gabon","NF",6,5,32,"2017",5.5
"Georgia","PF",3,3,64,"2017",3
"Germany","F",1,1,95,"2017",1
"Ghana","F",1,2,83,"2017",1.5
"Greece","F",2,2,84,"2017",2
"Grenada","F",1,2,89,"2017",1.5
"Guatemala","PF",4,4,54,"2017",4
"Guinea","PF",5,5,41,"2017",5
"Guinea-Bissau","PF",5,5,40,"2017",5
"Guyana","F",2,3,74,"2017",2.5
"Haiti","PF",5,5,39,"2017",5
"Honduras","PF",4,4,46,"2017",4
"Hungary","F",3,2,76,"2017",2.5
"Iceland","F",1,1,97,"2017",1
"India","F",2,3,77,"2017",2.5
"Indonesia","PF",2,4,65,"2017",3
"Iran","NF",6,6,17,"2017",6
"Iraq","NF",5,6,27,"2017",5.5
"Ireland","F",1,1,96,"2017",1
"Israel","F",1,2,80,"2017",1.5
"Italy","F",1,1,89,"2017",1
"Jamaica","F",2,3,75,"2017",2.5
"Japan","F",1,1,96,"2017",1
"Jordan","PF",5,5,37,"2017",5
"Kazakhstan","NF",7,5,22,"2017",6
"Kenya","PF",4,4,51,"2017",4
"Kiribati","F",1,1,92,"2017",1
"Kosovo","PF",3,4,52,"2017",3.5
"Kuwait","PF",5,5,36,"2017",5
"Kyrgyzstan","PF",5,5,37,"2017",5
"Laos","NF",7,6,12,"2017",6.5
"Latvia","F",1,2,87,"2017",1.5
"Lebanon","PF",5,4,44,"2017",4.5
"Lesotho","PF",3,3,64,"2017",3
"Liberia","PF",3,4,62,"2017",3.5
"Libya","NF",7,6,13,"2017",6.5
"Liechtenstein","F",2,1,91,"2017",1.5
"Lithuania","F",1,1,91,"2017",1
"Luxembourg","F",1,1,98,"2017",1
"Macedonia","PF",4,3,57,"2017",3.5
"Madagascar","PF",3,4,56,"2017",3.5
"Malawi","PF",3,3,63,"2017",3
"Malaysia","PF",4,4,44,"2017",4
"Maldives","PF",5,5,40,"2017",5
"Mali","PF",5,4,45,"2017",4.5
"Malta","F",1,1,96,"2017",1
"Marshall Islands","F",1,1,92,"2017",1
"Mauritania","NF",6,5,30,"2017",5.5
"Mauritius","F",1,2,89,"2017",1.5
"Mexico","PF",3,3,65,"2017",3
"Micronesia","F",1,1,93,"2017",1
"Moldova","PF",3,3,62,"2017",3
"Monaco","F",3,1,84,"2017",2
"Mongolia","F",1,2,85,"2017",1.5
"Montenegro","PF",3,3,69,"2017",3
"Morocco","PF",5,4,41,"2017",4.5
"Mozambique","PF",4,4,53,"2017",4
"Myanmar","PF",5,5,32,"2017",5
"Namibia","F",2,2,77,"2017",2
"Nauru","F",2,2,81,"2017",2
"Nepal","PF",3,4,52,"2017",3.5
"Netherlands","F",1,1,99,"2017",1
"New Zealand","F",1,1,98,"2017",1
"Nicaragua","PF",5,4,47,"2017",4.5
"Niger","PF",4,4,49,"2017",4
"Nigeria","PF",3,5,50,"2017",4
"North Korea","NF",7,7,3,"2017",7
"Norway","F",1,1,100,"2017",1
"Oman","NF",6,5,25,"2017",5.5
"Pakistan","PF",4,5,43,"2017",4.5
"Palau","F",1,1,92,"2017",1
"Panama","F",2,2,83,"2017",2
"Papua New Guinea","PF",3,3,64,"2017",3
"Paraguay","PF",3,3,64,"2017",3
"Peru","F",2,3,72,"2017",2.5
"Philippines","PF",3,3,63,"2017",3
"Poland","F",1,2,89,"2017",1.5
"Portugal","F",1,1,97,"2017",1
"Qatar","NF",6,5,26,"2017",5.5
"Romania","F",2,2,84,"2017",2
"Russia","NF",7,6,20,"2017",6.5
"Rwanda","NF",6,6,24,"2017",6
"Samoa","F",2,2,80,"2017",2
"San Marino","F",1,1,97,"2017",1
"Sao Tome and Principe","F",2,2,81,"2017",2
"Saudi Arabia","NF",7,7,10,"2017",7
"Senegal","F",2,2,78,"2017",2
"Serbia","F",3,2,76,"2017",2.5
"Seychelles","PF",3,3,71,"2017",3
"Sierra Leone","PF",3,3,66,"2017",3
"Singapore","PF",4,4,51,"2017",4
"Slovakia","F",1,1,89,"2017",1
"Slovenia","F",1,1,92,"2017",1
"Solomon Islands","F",3,2,71,"2017",2.5
"Somalia","NF",7,7,5,"2017",7
"South Africa","F",2,2,78,"2017",2
"South Korea","F",2,2,82,"2017",2
"South Sudan","NF",7,7,4,"2017",7
"Spain","F",1,1,94,"2017",1
"Sri Lanka","PF",3,4,56,"2017",3.5
"St. Kitts and Nevis","F",1,1,89,"2017",1
"St. Lucia","F",1,1,92,"2017",1
"St. Vincent and the Grenadines","F",1,1,91,"2017",1
"Sudan","NF",7,7,6,"2017",7
"Suriname","F",2,3,77,"2017",2.5
"Swaziland","NF",7,5,18,"2017",6
"Sweden","F",1,1,100,"2017",1
"Switzerland","F",1,1,96,"2017",1
"Syria","NF",7,7,-1,"2017",7
"Taiwan","F",1,1,91,"2017",1
"Tajikistan","NF",7,6,11,"2017",6.5
"Tanzania","PF",3,4,58,"2017",3.5
"Thailand","NF",6,5,32,"2017",5.5
"The Gambia","NF",6,6,20,"2017",6
"Timor-Leste","PF",3,3,65,"2017",3
"Togo","PF",4,4,48,"2017",4
"Tonga","F",2,2,74,"2017",2
"Trinidad and Tobago","F",2,2,81,"2017",2
"Tunisia","F",1,3,78,"2017",2
"Turkey","PF",4,5,38,"2017",4.5
"Turkmenistan","NF",7,7,4,"2017",7
"Tuvalu","F",1,1,94,"2017",1
"Uganda","NF",6,5,35,"2017",5.5
"Ukraine","PF",3,3,61,"2017",3
"United Arab Emirates","NF",6,6,20,"2017",6
"United Kingdom","F",1,1,95,"2017",1
"United States","F",1,1,89,"2017",1
"Uruguay","F",1,1,98,"2017",1
"Uzbekistan","NF",7,7,3,"2017",7
"Vanuatu","F",2,2,80,"2017",2
"Venezuela","NF",6,5,30,"2017",5.5
"Vietnam","NF",7,5,20,"2017",6
"Yemen","NF",7,6,14,"2017",6.5
"Zambia","PF",4,4,56,"2017",4
"Zimbabwe","PF",5,5,32,"2017",5
"Afghanistan","NF",6,6,24,"2016",6
"Albania","PF",3,3,67,"2016",3
"Algeria","NF",6,5,35,"2016",5.5
"Andorra","F",1,1,96,"2016",1
"Angola","NF",6,6,24,"2016",6
"Antigua and Barbuda","F",2,2,82,"2016",2
"Argentina","F",2,2,79,"2016",2
"Armenia","PF",5,4,46,"2016",4.5
"Australia","F",1,1,98,"2016",1
"Austria","F",1,1,95,"2016",1
"Azerbaijan","NF",7,6,16,"2016",6.5
"Bahamas","F",1,1,92,"2016",1
"Bahrain","NF",7,6,14,"2016",6.5
"Bangladesh","PF",4,4,49,"2016",4
"Barbados","F",1,1,98,"2016",1
"Belarus","NF",7,6,17,"2016",6.5
"Belgium","F",1,1,96,"2016",1
"Belize","F",1,2,87,"2016",1.5
"Benin","F",2,2,82,"2016",2
"Bhutan","PF",3,4,56,"2016",3.5
"Bolivia","PF",3,3,68,"2016",3
"Bosnia and Herzegovina","PF",4,3,57,"2016",3.5
"Botswana","F",3,2,73,"2016",2.5
"Brazil","F",2,2,81,"2016",2
"Brunei","NF",6,5,29,"2016",5.5
"Bulgaria","F",2,2,80,"2016",2
"Burkina Faso","PF",4,3,59,"2016",3.5
"Burundi","NF",7,6,19,"2016",6.5
"Cambodia","NF",6,5,32,"2016",5.5
"Cameroon","NF",6,6,24,"2016",6
"Canada","F",1,1,99,"2016",1
"Cape Verde","F",1,1,90,"2016",1
"Central African Republic","NF",7,7,7,"2016",7
"Chad","NF",7,6,20,"2016",6.5
"Chile","F",1,1,95,"2016",1
"China","NF",7,6,16,"2016",6.5
"Colombia","PF",3,4,63,"2016",3.5
"Comoros","PF",3,4,55,"2016",3.5
"Congo (Brazzaville)","NF",6,5,28,"2016",5.5
"Congo (Kinshasa)","NF",6,6,25,"2016",6
"Costa Rica","F",1,1,90,"2016",1
"Cote d'Ivoire","PF",4,4,51,"2016",4
"Croatia","F",1,2,87,"2016",1.5
"Cuba","NF",7,6,15,"2016",6.5
"Cyprus","F",1,1,94,"2016",1
"Czech Republic","F",1,1,95,"2016",1
"Denmark","F",1,1,98,"2016",1
"Djibouti","NF",6,5,28,"2016",5.5
"Dominica","F",1,1,95,"2016",1
"Dominican Republic","PF",3,3,70,"2016",3
"Ecuador","PF",3,3,59,"2016",3
"Egypt","NF",6,5,27,"2016",5.5
"El Salvador","F",2,3,69,"2016",2.5
"Equatorial Guinea","NF",7,7,8,"2016",7
"Eritrea","NF",7,7,3,"2016",7
"Estonia","F",1,1,94,"2016",1
"Ethiopia","NF",7,6,15,"2016",6.5
"Fiji","PF",3,3,62,"2016",3
"Finland","F",1,1,100,"2016",1
"France","F",1,1,91,"2016",1
"Gabon","NF",6,5,34,"2016",5.5
"Georgia","PF",3,3,64,"2016",3
"Germany","F",1,1,95,"2016",1
"Ghana","F",1,2,83,"2016",1.5
"Greece","F",2,2,83,"2016",2
"Grenada","F",1,2,89,"2016",1.5
"Guatemala","PF",4,4,54,"2016",4
"Guinea","PF",5,5,40,"2016",5
"Guinea-Bissau","PF",5,5,39,"2016",5
"Guyana","F",2,3,74,"2016",2.5
"Haiti","PF",5,5,41,"2016",5
"Honduras","PF",4,4,45,"2016",4
"Hungary","F",2,2,79,"2016",2
"Iceland","F",1,1,100,"2016",1
"India","F",2,3,77,"2016",2.5
"Indonesia","PF",2,4,65,"2016",3
"Iran","NF",6,6,17,"2016",6
"Iraq","NF",5,6,27,"2016",5.5
"Ireland","F",1,1,96,"2016",1
"Israel","F",1,2,80,"2016",1.5
"Italy","F",1,1,89,"2016",1
"Jamaica","F",2,3,75,"2016",2.5
"Japan","F",1,1,96,"2016",1
"Jordan","NF",6,5,36,"2016",5.5
"Kazakhstan","NF",6,5,24,"2016",5.5
"Kenya","PF",4,4,51,"2016",4
"Kiribati","F",1,1,91,"2016",1
"Kosovo","PF",3,4,52,"2016",3.5
"Kuwait","PF",5,5,36,"2016",5
"Kyrgyzstan","PF",5,5,38,"2016",5
"Laos","NF",7,6,12,"2016",6.5
"Latvia","F",2,2,86,"2016",2
"Lebanon","PF",5,4,43,"2016",4.5
"Lesotho","PF",3,3,67,"2016",3
"Liberia","PF",3,4,61,"2016",3.5
"Libya","NF",6,6,20,"2016",6
"Liechtenstein","F",1,1,98,"2016",1
"Lithuania","F",1,1,91,"2016",1
"Luxembourg","F",1,1,98,"2016",1
"Macedonia","PF",4,3,57,"2016",3.5
"Madagascar","PF",3,4,56,"2016",3.5
"Malawi","PF",3,3,64,"2016",3
"Malaysia","PF",4,4,45,"2016",4
"Maldives","PF",4,5,43,"2016",4.5
"Mali","PF",5,4,45,"2016",4.5
"Malta","F",1,1,96,"2016",1
"Marshall Islands","F",1,1,92,"2016",1
"Mauritania","NF",6,5,30,"2016",5.5
"Mauritius","F",1,2,90,"2016",1.5
"Mexico","PF",3,3,65,"2016",3
"Micronesia","F",1,1,93,"2016",1
"Moldova","PF",3,3,60,"2016",3
"Monaco","F",2,1,88,"2016",1.5
"Mongolia","F",1,2,86,"2016",1.5
"Montenegro","PF",3,3,70,"2016",3
"Morocco","PF",5,4,41,"2016",4.5
"Mozambique","PF",4,4,56,"2016",4
"Myanmar","NF",6,5,28,"2016",5.5
"Namibia","F",2,2,77,"2016",2
"Nauru","F",2,2,84,"2016",2
"Nepal","PF",3,4,51,"2016",3.5
"Netherlands","F",1,1,99,"2016",1
"New Zealand","F",1,1,98,"2016",1
"Nicaragua","PF",4,3,54,"2016",3.5
"Niger","PF",3,4,52,"2016",3.5
"Nigeria","PF",4,5,48,"2016",4.5
"North Korea","NF",7,7,3,"2016",7
"Norway","F",1,1,100,"2016",1
"Oman","NF",6,5,25,"2016",5.5
"Pakistan","PF",4,5,41,"2016",4.5
"Palau","F",1,1,92,"2016",1
"Panama","F",2,2,83,"2016",2
"Papua New Guinea","PF",4,3,59,"2016",3.5
"Paraguay","PF",3,3,64,"2016",3
"Peru","F",2,3,71,"2016",2.5
"Philippines","PF",3,3,65,"2016",3
"Poland","F",1,1,93,"2016",1
"Portugal","F",1,1,97,"2016",1
"Puerto Rico","F",1,1,90,"2016",1
"Qatar","NF",6,5,27,"2016",5.5
"Romania","F",2,2,83,"2016",2
"Russia","NF",6,6,22,"2016",6
"Rwanda","NF",6,6,24,"2016",6
"Samoa","F",2,2,80,"2016",2
"San Marino","F",1,1,100,"2016",1
"Sao Tome and Principe","F",2,2,81,"2016",2
"Saudi Arabia","NF",7,7,10,"2016",7
"Senegal","F",2,2,78,"2016",2
"Serbia","F",2,2,78,"2016",2
"Seychelles","PF",3,3,68,"2016",3
"Sierra Leone","PF",3,3,65,"2016",3
"Singapore","PF",4,4,51,"2016",4
"Slovakia","F",1,1,89,"2016",1
"Slovenia","F",1,1,92,"2016",1
"Solomon Islands","PF",3,3,68,"2016",3
"Somalia","NF",7,7,2,"2016",7
"South Africa","F",2,2,79,"2016",2
"South Korea","F",2,2,83,"2016",2
"South Sudan","NF",7,6,14,"2016",6.5
"Spain","F",1,1,95,"2016",1
"Sri Lanka","PF",4,4,55,"2016",4
"St. Kitts and Nevis","F",2,1,88,"2016",1.5
"St. Lucia","F",1,1,92,"2016",1
"St. Vincent and the Grenadines","F",1,1,91,"2016",1
"Sudan","NF",7,7,6,"2016",7
"Suriname","F",2,3,77,"2016",2.5
"Swaziland","NF",7,5,18,"2016",6
"Sweden","F",1,1,100,"2016",1
"Switzerland","F",1,1,96,"2016",1
"Syria","NF",7,7,-1,"2016",7
"Taiwan","F",1,2,89,"2016",1.5
"Tajikistan","NF",7,6,16,"2016",6.5
"Tanzania","PF",3,4,60,"2016",3.5
"Thailand","NF",6,5,32,"2016",5.5
"The Gambia","NF",7,6,18,"2016",6.5
"Timor-Leste","PF",3,3,65,"2016",3
"Togo","PF",4,4,48,"2016",4
"Tonga","F",2,2,75,"2016",2
"Trinidad and Tobago","F",2,2,81,"2016",2
"Tunisia","F",1,3,79,"2016",2
"Turkey","PF",3,4,53,"2016",3.5
"Turkmenistan","NF",7,7,4,"2016",7
"Tuvalu","F",1,1,94,"2016",1
"Uganda","NF",6,5,36,"2016",5.5
"Ukraine","PF",3,3,61,"2016",3
"United Arab Emirates","NF",6,6,20,"2016",6
"United Kingdom","F",1,1,95,"2016",1
"United States","F",1,1,90,"2016",1
"Uruguay","F",1,1,98,"2016",1
"Uzbekistan","NF",7,7,3,"2016",7
"Vanuatu","F",2,2,78,"2016",2
"Venezuela","PF",5,5,35,"2016",5
"Vietnam","NF",7,5,20,"2016",6
"Yemen","NF",7,6,17,"2016",6.5
"Zambia","PF",3,4,60,"2016",3.5
"Zimbabwe","PF",5,5,32,"2016",5
"Afghanistan","NF",6,6,24,"2015",6
"Albania","PF",3,3,67,"2015",3
"Algeria","NF",6,5,34,"2015",5.5
"Andorra","F",1,1,96,"2015",1
"Angola","NF",6,5,28,"2015",5.5
"Antigua and Barbuda","F",2,2,80,"2015",2
"Argentina","F",2,2,80,"2015",2
"Armenia","PF",5,4,46,"2015",4.5
"Australia","F",1,1,97,"2015",1
"Austria","F",1,1,96,"2015",1
"Azerbaijan","NF",6,6,20,"2015",6
"Bahamas","F",1,1,96,"2015",1
"Bahrain","NF",7,6,15,"2015",6.5
"Bangladesh","PF",4,4,50,"2015",4
"Barbados","F",1,1,99,"2015",1
"Belarus","NF",7,6,14,"2015",6.5
"Belgium","F",1,1,97,"2015",1
"Belize","F",1,2,87,"2015",1.5
"Benin","F",2,2,81,"2015",2
"Bhutan","PF",3,4,56,"2015",3.5
"Bolivia","PF",3,3,68,"2015",3
"Bosnia and Herzegovina","PF",4,3,60,"2015",3.5
"Botswana","F",3,2,73,"2015",2.5
"Brazil","F",2,2,81,"2015",2
"Brunei","NF",6,5,30,"2015",5.5
"Bulgaria","F",2,2,79,"2015",2
"Burkina Faso","PF",6,3,45,"2015",4.5
"Burundi","NF",6,5,32,"2015",5.5
"Cambodia","NF",6,5,31,"2015",5.5
"Cameroon","NF",6,6,25,"2015",6
"Canada","F",1,1,98,"2015",1
"Cape Verde","F",1,1,90,"2015",1
"Central African Republic","NF",7,7,6,"2015",7
"Chad","NF",7,6,21,"2015",6.5
"Chile","F",1,1,95,"2015",1
"China","NF",7,6,17,"2015",6.5
"Colombia","PF",3,4,63,"2015",3.5
"Comoros","PF",3,4,55,"2015",3.5
"Congo (Brazzaville)","NF",6,5,30,"2015",5.5
"Congo (Kinshasa)","NF",6,6,25,"2015",6
"Costa Rica","F",1,1,90,"2015",1
"Cote d'Ivoire","PF",5,4,46,"2015",4.5
"Croatia","F",1,2,86,"2015",1.5
"Cuba","NF",7,6,14,"2015",6.5
"Cyprus","F",1,1,93,"2015",1
"Czech Republic","F",1,1,95,"2015",1
"Denmark","F",1,1,98,"2015",1
"Djibouti","NF",6,5,28,"2015",5.5
"Dominica","F",1,1,95,"2015",1
"Dominican Republic","F",2,3,73,"2015",2.5
"Ecuador","PF",3,3,59,"2015",3
"Egypt","NF",6,5,26,"2015",5.5
"El Salvador","F",2,3,75,"2015",2.5
"Equatorial Guinea","NF",7,7,8,"2015",7
"Eritrea","NF",7,7,3,"2015",7
"Estonia","F",1,1,95,"2015",1
"Ethiopia","NF",6,6,18,"2015",6
"Fiji","PF",3,4,60,"2015",3.5
"Finland","F",1,1,100,"2015",1
"France","F",1,1,95,"2015",1
"Gabon","NF",6,5,34,"2015",5.5
"Georgia","PF",3,3,64,"2015",3
"Germany","F",1,1,96,"2015",1
"Ghana","F",1,2,84,"2015",1.5
"Greece","F",2,2,83,"2015",2
"Grenada","F",1,2,89,"2015",1.5
"Guatemala","PF",3,4,55,"2015",3.5
"Guinea","PF",5,5,41,"2015",5
"Guinea-Bissau","PF",5,5,40,"2015",5
"Guyana","F",2,3,71,"2015",2.5
"Haiti","PF",5,5,41,"2015",5
"Honduras","PF",4,4,49,"2015",4
"Hungary","F",2,2,82,"2015",2
"Iceland","F",1,1,99,"2015",1
"India","F",2,3,78,"2015",2.5
"Indonesia","PF",2,4,64,"2015",3
"Iran","NF",6,6,17,"2015",6
"Iraq","NF",6,6,24,"2015",6
"Ireland","F",1,1,97,"2015",1
"Israel","F",1,2,80,"2015",1.5
"Italy","F",1,1,89,"2015",1
"Jamaica","F",2,3,74,"2015",2.5
"Japan","F",1,1,94,"2015",1
"Jordan","NF",6,5,36,"2015",5.5
"Kazakhstan","NF",6,5,24,"2015",5.5
"Kenya","PF",4,4,51,"2015",4
"Kiribati","F",1,1,91,"2015",1
"Kosovo","PF",4,4,52,"2015",4
"Kuwait","PF",5,5,37,"2015",5
"Kyrgyzstan","PF",5,5,38,"2015",5
"Laos","NF",7,6,12,"2015",6.5
"Latvia","F",2,2,85,"2015",2
"Lebanon","PF",5,4,44,"2015",4.5
"Lesotho","F",2,3,71,"2015",2.5
"Liberia","PF",3,4,56,"2015",3.5
"Libya","NF",6,6,23,"2015",6
"Liechtenstein","F",1,1,98,"2015",1
"Lithuania","F",1,1,91,"2015",1
"Luxembourg","F",1,1,98,"2015",1
"Macedonia","PF",4,3,60,"2015",3.5
"Madagascar","PF",4,4,52,"2015",4
"Malawi","PF",3,4,61,"2015",3.5
"Malaysia","PF",4,4,46,"2015",4
"Maldives","PF",4,4,48,"2015",4
"Mali","PF",5,4,44,"2015",4.5
"Malta","F",1,1,97,"2015",1
"Marshall Islands","F",1,1,91,"2015",1
"Mauritania","NF",6,5,31,"2015",5.5
"Mauritius","F",1,2,90,"2015",1.5
"Mexico","PF",3,3,64,"2015",3
"Micronesia","F",1,1,93,"2015",1
"Moldova","PF",3,3,63,"2015",3
"Monaco","F",2,1,88,"2015",1.5
"Mongolia","F",1,2,86,"2015",1.5
"Montenegro","F",3,2,71,"2015",2.5
"Morocco","PF",5,4,42,"2015",4.5
"Mozambique","PF",4,3,58,"2015",3.5
"Myanmar","NF",6,6,25,"2015",6
"Namibia","F",2,2,76,"2015",2
"Nauru","F",1,2,88,"2015",1.5
"Nepal","PF",3,4,51,"2015",3.5
"Netherlands","F",1,1,99,"2015",1
"New Zealand","F",1,1,97,"2015",1
"Nicaragua","PF",4,3,54,"2015",3.5
"Niger","PF",3,4,56,"2015",3.5
"Nigeria","PF",4,5,43,"2015",4.5
"North Korea","NF",7,7,3,"2015",7
"Norway","F",1,1,100,"2015",1
"Oman","NF",6,5,26,"2015",5.5
"Pakistan","PF",4,5,42,"2015",4.5
"Palau","F",1,1,92,"2015",1
"Panama","F",2,2,82,"2015",2
"Papua New Guinea","PF",4,3,59,"2015",3.5
"Paraguay","PF",3,3,65,"2015",3
"Peru","F",2,3,71,"2015",2.5
"Philippines","PF",3,3,63,"2015",3
"Poland","F",1,1,93,"2015",1
"Portugal","F",1,1,97,"2015",1
"Puerto Rico","F",1,2,89,"2015",1.5
"Qatar","NF",6,5,28,"2015",5.5
"Romania","F",2,2,83,"2015",2
"Russia","NF",6,6,23,"2015",6
"Rwanda","NF",6,6,25,"2015",6
"Samoa","F",2,2,81,"2015",2
"San Marino","F",1,1,100,"2015",1
"Sao Tome and Principe","F",2,2,81,"2015",2
"Saudi Arabia","NF",7,7,10,"2015",7
"Senegal","F",2,2,78,"2015",2
"Serbia","F",2,2,80,"2015",2
"Seychelles","PF",3,3,67,"2015",3
"Sierra Leone","PF",3,3,65,"2015",3
"Singapore","PF",4,4,51,"2015",4
"Slovakia","F",1,1,90,"2015",1
"Slovenia","F",1,1,91,"2015",1
"Solomon Islands","PF",3,3,68,"2015",3
"Somalia","NF",7,7,2,"2015",7
"South Africa","F",2,2,81,"2015",2
"South Korea","F",2,2,84,"2015",2
"South Sudan","NF",7,6,15,"2015",6.5
"Spain","F",1,1,96,"2015",1
"Sri Lanka","PF",5,5,41,"2015",5
"St. Kitts and Nevis","F",1,1,90,"2015",1
"St. Lucia","F",1,1,92,"2015",1
"St. Vincent and the Grenadines","F",1,1,90,"2015",1
"Sudan","NF",7,7,6,"2015",7
"Suriname","F",2,2,77,"2015",2
"Swaziland","NF",7,5,18,"2015",6
"Sweden","F",1,1,99,"2015",1
"Switzerland","F",1,1,96,"2015",1
"Syria","NF",7,7,-1,"2015",7
"Taiwan","F",1,2,88,"2015",1.5
"Tajikistan","NF",6,6,22,"2015",6
"Tanzania","PF",3,3,63,"2015",3
"Thailand","NF",6,5,33,"2015",5.5
"The Gambia","NF",6,6,20,"2015",6
"Timor-Leste","PF",3,3,65,"2015",3
"Togo","PF",4,4,47,"2015",4
"Tonga","F",2,2,75,"2015",2
"Trinidad and Tobago","F",2,2,81,"2015",2
"Tunisia","F",1,3,79,"2015",2
"Turkey","PF",3,4,55,"2015",3.5
"Turkmenistan","NF",7,7,6,"2015",7
"Tuvalu","F",1,1,94,"2015",1
"Uganda","NF",6,5,36,"2015",5.5
"Ukraine","PF",3,3,62,"2015",3
"United Arab Emirates","NF",6,6,21,"2015",6
"United Kingdom","F",1,1,97,"2015",1
"United States","F",1,1,92,"2015",1
"Uruguay","F",1,1,98,"2015",1
"Uzbekistan","NF",7,7,4,"2015",7
"Vanuatu","F",2,2,79,"2015",2
"Venezuela","PF",5,5,35,"2015",5
"Vietnam","NF",7,5,20,"2015",6
"Yemen","NF",6,6,25,"2015",6
"Zambia","PF",3,4,60,"2015",3.5
"Zimbabwe","NF",5,6,28,"2015",5.5
"Afghanistan","NF",6,6,26,"2014",6
"Albania","PF",3,3,67,"2014",3
"Algeria","NF",6,5,34,"2014",5.5
"Andorra","F",1,1,96,"2014",1
"Angola","NF",6,5,29,"2014",5.5
"Antigua and Barbuda","F",2,2,80,"2014",2
"Argentina","F",2,2,80,"2014",2
"Armenia","PF",5,4,43,"2014",4.5
"Australia","F",1,1,97,"2014",1
"Austria","F",1,1,96,"2014",1
"Azerbaijan","NF",6,6,22,"2014",6
"Bahamas","F",1,1,96,"2014",1
"Bahrain","NF",6,6,16,"2014",6
"Bangladesh","PF",3,4,53,"2014",3.5
"Barbados","F",1,1,99,"2014",1
"Belarus","NF",7,6,14,"2014",6.5
"Belgium","F",1,1,97,"2014",1
"Belize","F",1,2,87,"2014",1.5
"Benin","F",2,2,80,"2014",2
"Bhutan","PF",3,4,55,"2014",3.5
"Bolivia","PF",3,3,67,"2014",3
"Bosnia and Herzegovina","PF",3,3,61,"2014",3
"Botswana","F",3,2,74,"2014",2.5
"Brazil","F",2,2,81,"2014",2
"Brunei","NF",6,5,30,"2014",5.5
"Bulgaria","F",2,2,78,"2014",2
"Burkina Faso","PF",5,3,53,"2014",4
"Burundi","PF",5,5,34,"2014",5
"Cambodia","NF",6,5,30,"2014",5.5
"Cameroon","NF",6,6,24,"2014",6
"Canada","F",1,1,98,"2014",1
"Cape Verde","F",1,1,90,"2014",1
"Central African Republic","NF",7,7,6,"2014",7
"Chad","NF",7,6,21,"2014",6.5
"Chile","F",1,1,95,"2014",1
"China","NF",7,6,17,"2014",6.5
"Colombia","PF",3,4,62,"2014",3.5
"Comoros","PF",3,4,55,"2014",3.5
"Congo (Brazzaville)","NF",6,5,30,"2014",5.5
"Congo (Kinshasa)","NF",6,6,20,"2014",6
"Costa Rica","F",1,1,90,"2014",1
"Cote d'Ivoire","PF",5,4,45,"2014",4.5
"Croatia","F",1,2,86,"2014",1.5
"Cuba","NF",7,6,12,"2014",6.5
"Cyprus","F",1,1,92,"2014",1
"Czech Republic","F",1,1,94,"2014",1
"Denmark","F",1,1,98,"2014",1
"Djibouti","NF",6,5,29,"2014",5.5
"Dominica","F",1,1,95,"2014",1
"Dominican Republic","F",2,3,73,"2014",2.5
"Ecuador","PF",3,3,60,"2014",3
"Egypt","NF",6,5,31,"2014",5.5
"El Salvador","F",2,3,77,"2014",2.5
"Equatorial Guinea","NF",7,7,8,"2014",7
"Eritrea","NF",7,7,3,"2014",7
"Estonia","F",1,1,95,"2014",1
"Ethiopia","NF",6,6,18,"2014",6
"Fiji","PF",6,4,37,"2014",5
"Finland","F",1,1,100,"2014",1
"France","F",1,1,95,"2014",1
"Gabon","NF",6,5,34,"2014",5.5
"Georgia","PF",3,3,63,"2014",3
"Germany","F",1,1,96,"2014",1
"Ghana","F",1,2,84,"2014",1.5
"Greece","F",2,2,83,"2014",2
"Grenada","F",1,2,89,"2014",1.5
"Guatemala","PF",3,4,56,"2014",3.5
"Guinea","PF",5,5,41,"2014",5
"Guinea-Bissau","NF",6,5,32,"2014",5.5
"Guyana","F",2,3,72,"2014",2.5
"Haiti","PF",4,5,43,"2014",4.5
"Honduras","PF",4,4,51,"2014",4
"Hungary","F",1,2,88,"2014",1.5
"Iceland","F",1,1,100,"2014",1
"India","F",2,3,77,"2014",2.5
"Indonesia","PF",2,4,64,"2014",3
"Iran","NF",6,6,17,"2014",6
"Iraq","NF",5,6,25,"2014",5.5
"Ireland","F",1,1,97,"2014",1
"Israel","F",1,2,81,"2014",1.5
"Italy","F",1,1,90,"2014",1
"Jamaica","F",2,3,74,"2014",2.5
"Japan","F",1,1,90,"2014",1
"Jordan","NF",6,5,35,"2014",5.5
"Kazakhstan","NF",6,5,25,"2014",5.5
"Kenya","PF",4,4,53,"2014",4
"Kiribati","F",1,1,91,"2014",1
"Kosovo","PF",5,4,43,"2014",4.5
"Kuwait","PF",5,5,39,"2014",5
"Kyrgyzstan","PF",5,5,39,"2014",5
"Laos","NF",7,6,12,"2014",6.5
"Latvia","F",2,2,84,"2014",2
"Lebanon","PF",5,4,48,"2014",4.5
"Lesotho","F",2,3,72,"2014",2.5
"Liberia","PF",3,4,59,"2014",3.5
"Libya","PF",4,5,41,"2014",4.5
"Liechtenstein","F",1,1,98,"2014",1
"Lithuania","F",1,1,90,"2014",1
"Luxembourg","F",1,1,99,"2014",1
"Macedonia","PF",3,3,64,"2014",3
"Madagascar","PF",5,4,43,"2014",4.5
"Malawi","PF",3,4,60,"2014",3.5
"Malaysia","PF",4,4,47,"2014",4
"Maldives","PF",4,4,48,"2014",4
"Mali","PF",5,4,44,"2014",4.5
"Malta","F",1,1,97,"2014",1
"Marshall Islands","F",1,1,91,"2014",1
"Mauritania","NF",6,5,34,"2014",5.5
"Mauritius","F",1,2,90,"2014",1.5
"Mexico","PF",3,3,65,"2014",3
"Micronesia","F",1,1,93,"2014",1
"Moldova","PF",3,3,64,"2014",3
"Monaco","F",2,1,88,"2014",1.5
"Mongolia","F",1,2,86,"2014",1.5
"Montenegro","F",3,2,72,"2014",2.5
"Morocco","PF",5,4,42,"2014",4.5
"Mozambique","PF",4,3,58,"2014",3.5
"Myanmar","NF",6,5,26,"2014",5.5
"Namibia","F",2,2,76,"2014",2
"Nauru","F",1,1,92,"2014",1
"Nepal","PF",4,4,50,"2014",4
"Netherlands","F",1,1,99,"2014",1
"New Zealand","F",1,1,97,"2014",1
"Nicaragua","PF",4,3,54,"2014",3.5
"Niger","PF",3,4,56,"2014",3.5
"Nigeria","PF",4,4,46,"2014",4
"North Korea","NF",7,7,3,"2014",7
"Norway","F",1,1,100,"2014",1
"Oman","NF",6,5,26,"2014",5.5
"Pakistan","PF",4,5,42,"2014",4.5
"Palau","F",1,1,92,"2014",1
"Panama","F",2,2,82,"2014",2
"Papua New Guinea","PF",3,3,60,"2014",3
"Paraguay","PF",3,3,61,"2014",3
"Peru","F",2,3,71,"2014",2.5
"Philippines","PF",3,3,63,"2014",3
"Poland","F",1,1,93,"2014",1
"Portugal","F",1,1,97,"2014",1
"Puerto Rico","F",1,2,89,"2014",1.5
"Qatar","NF",6,5,28,"2014",5.5
"Romania","F",2,2,84,"2014",2
"Russia","NF",6,5,26,"2014",5.5
"Rwanda","NF",6,5,26,"2014",5.5
"Samoa","F",2,2,81,"2014",2
"San Marino","F",1,1,100,"2014",1
"Sao Tome and Principe","F",2,2,81,"2014",2
"Saudi Arabia","NF",7,7,10,"2014",7
"Senegal","F",2,2,79,"2014",2
"Serbia","F",2,2,78,"2014",2
"Seychelles","PF",3,3,67,"2014",3
"Sierra Leone","PF",3,3,67,"2014",3
"Singapore","PF",4,4,51,"2014",4
"Slovakia","F",1,1,91,"2014",1
"Slovenia","F",1,1,91,"2014",1
"Solomon Islands","PF",4,3,65,"2014",3.5
"Somalia","NF",7,7,2,"2014",7
"South Africa","F",2,2,81,"2014",2
"South Korea","F",2,2,85,"2014",2
"South Sudan","NF",6,6,24,"2014",6
"Spain","F",1,1,96,"2014",1
"Sri Lanka","PF",5,4,42,"2014",4.5
"St. Kitts and Nevis","F",1,1,90,"2014",1
"St. Lucia","F",1,1,92,"2014",1
"St. Vincent and the Grenadines","F",1,1,89,"2014",1
"Sudan","NF",7,7,7,"2014",7
"Suriname","F",2,2,77,"2014",2
"Swaziland","NF",7,5,20,"2014",6
"Sweden","F",1,1,99,"2014",1
"Switzerland","F",1,1,96,"2014",1
"Syria","NF",7,7,1,"2014",7
"Taiwan","F",1,2,88,"2014",1.5
"Tajikistan","NF",6,6,24,"2014",6
"Tanzania","PF",3,3,64,"2014",3
"Thailand","PF",4,4,54,"2014",4
"The Gambia","NF",6,6,21,"2014",6
"Timor-Leste","PF",3,4,63,"2014",3.5
"Togo","PF",4,4,47,"2014",4
"Tonga","F",2,2,75,"2014",2
"Trinidad and Tobago","F",2,2,81,"2014",2
"Tunisia","PF",3,3,63,"2014",3
"Turkey","PF",3,4,60,"2014",3.5
"Turkmenistan","NF",7,7,7,"2014",7
"Tuvalu","F",1,1,94,"2014",1
"Uganda","PF",6,4,37,"2014",5
"Ukraine","PF",4,3,55,"2014",3.5
"United Arab Emirates","NF",6,6,21,"2014",6
"United Kingdom","F",1,1,97,"2014",1
"United States","F",1,1,92,"2014",1
"Uruguay","F",1,1,98,"2014",1
"Uzbekistan","NF",7,7,4,"2014",7
"Vanuatu","F",2,2,79,"2014",2
"Venezuela","PF",5,5,38,"2014",5
"Vietnam","NF",7,5,20,"2014",6
"Yemen","NF",6,6,26,"2014",6
"Zambia","PF",3,4,59,"2014",3.5
"Zimbabwe","NF",5,6,28,"2014",5.5
"Afghanistan","NF",6,6,27,"2013",6
"Albania","PF",3,3,63,"2013",3
"Algeria","NF",6,5,35,"2013",5.5
"Andorra","F",1,1,96,"2013",1
"Angola","NF",6,5,30,"2013",5.5
"Antigua and Barbuda","F",2,2,80,"2013",2
"Argentina","F",2,2,80,"2013",2
"Armenia","PF",5,4,42,"2013",4.5
"Australia","F",1,1,97,"2013",1
"Austria","F",1,1,96,"2013",1
"Azerbaijan","NF",6,5,23,"2013",5.5
"Bahamas","F",1,1,96,"2013",1
"Bahrain","NF",6,6,18,"2013",6
"Bangladesh","PF",3,4,56,"2013",3.5
"Barbados","F",1,1,99,"2013",1
"Belarus","NF",7,6,14,"2013",6.5
"Belgium","F",1,1,97,"2013",1
"Belize","F",1,2,88,"2013",1.5
"Benin","F",2,2,82,"2013",2
"Bhutan","PF",4,5,46,"2013",4.5
"Bolivia","PF",3,3,69,"2013",3
"Bosnia and Herzegovina","PF",3,3,62,"2013",3
"Botswana","F",3,2,74,"2013",2.5
"Brazil","F",2,2,81,"2013",2
"Brunei","NF",6,5,30,"2013",5.5
"Bulgaria","F",2,2,81,"2013",2
"Burkina Faso","PF",5,3,53,"2013",4
"Burundi","PF",5,5,34,"2013",5
"Cambodia","NF",6,5,29,"2013",5.5
"Cameroon","NF",6,6,23,"2013",6
"Canada","F",1,1,98,"2013",1
"Cape Verde","F",1,1,90,"2013",1
"Central African Republic","PF",5,5,35,"2013",5
"Chad","NF",7,6,21,"2013",6.5
"Chile","F",1,1,96,"2013",1
"China","NF",7,6,17,"2013",6.5
"Colombia","PF",3,4,61,"2013",3.5
"Comoros","PF",3,4,55,"2013",3.5
"Congo (Brazzaville)","NF",6,5,29,"2013",5.5
"Congo (Kinshasa)","NF",6,6,20,"2013",6
"Costa Rica","F",1,1,91,"2013",1
"Cote d'Ivoire","PF",5,5,34,"2013",5
"Croatia","F",1,2,86,"2013",1.5
"Cuba","NF",7,6,11,"2013",6.5
"Cyprus","F",1,1,93,"2013",1
"Czech Republic","F",1,1,95,"2013",1
"Denmark","F",1,1,98,"2013",1
"Djibouti","NF",6,5,29,"2013",5.5
"Dominica","F",1,1,95,"2013",1
"Dominican Republic","F",2,2,75,"2013",2
"Ecuador","PF",3,3,60,"2013",3
"Egypt","PF",5,5,41,"2013",5
"El Salvador","F",2,3,77,"2013",2.5
"Equatorial Guinea","NF",7,7,8,"2013",7
"Eritrea","NF",7,7,3,"2013",7
"Estonia","F",1,1,95,"2013",1
"Ethiopia","NF",6,6,18,"2013",6
"Fiji","PF",6,4,37,"2013",5
"Finland","F",1,1,100,"2013",1
"France","F",1,1,95,"2013",1
"Gabon","NF",6,5,34,"2013",5.5
"Georgia","PF",3,3,60,"2013",3
"Germany","F",1,1,96,"2013",1
"Ghana","F",1,2,84,"2013",1.5
"Greece","F",2,2,83,"2013",2
"Grenada","F",1,2,89,"2013",1.5
"Guatemala","PF",3,4,57,"2013",3.5
"Guinea","PF",5,5,39,"2013",5
"Guinea-Bissau","NF",6,5,30,"2013",5.5
"Guyana","F",2,3,71,"2013",2.5
"Haiti","PF",4,5,43,"2013",4.5
"Honduras","PF",4,4,51,"2013",4
"Hungary","F",1,2,88,"2013",1.5
"Iceland","F",1,1,100,"2013",1
"India","F",2,3,76,"2013",2.5
"Indonesia","F",2,3,65,"2013",2.5
"Iran","NF",6,6,16,"2013",6
"Iraq","NF",6,6,24,"2013",6
"Ireland","F",1,1,97,"2013",1
"Israel","F",1,2,81,"2013",1.5
"Italy","F",2,1,88,"2013",1.5
"Jamaica","F",2,3,73,"2013",2.5
"Japan","F",1,2,88,"2013",1.5
"Jordan","NF",6,5,34,"2013",5.5
"Kazakhstan","NF",6,5,26,"2013",5.5
"Kenya","PF",4,4,55,"2013",4
"Kiribati","F",1,1,91,"2013",1
"Kosovo","PF",5,4,42,"2013",4.5
"Kuwait","PF",5,5,41,"2013",5
"Kyrgyzstan","PF",5,5,39,"2013",5
"Laos","NF",7,6,11,"2013",6.5
"Latvia","F",2,2,84,"2013",2
"Lebanon","PF",5,4,49,"2013",4.5
"Lesotho","F",2,3,72,"2013",2.5
"Liberia","PF",3,4,60,"2013",3.5
"Libya","PF",4,5,43,"2013",4.5
"Liechtenstein","F",1,1,98,"2013",1
"Lithuania","F",1,1,90,"2013",1
"Luxembourg","F",1,1,100,"2013",1
"Macedonia","PF",3,3,64,"2013",3
"Madagascar","PF",6,4,35,"2013",5
"Malawi","PF",3,4,60,"2013",3.5
"Malaysia","PF",4,4,48,"2013",4
"Maldives","PF",5,4,46,"2013",4.5
"Mali","NF",7,5,24,"2013",6
"Malta","F",1,1,97,"2013",1
"Marshall Islands","F",1,1,91,"2013",1
"Mauritania","NF",6,5,34,"2013",5.5
"Mauritius","F",1,2,90,"2013",1.5
"Mexico","PF",3,3,65,"2013",3
"Micronesia","F",1,1,93,"2013",1
"Moldova","PF",3,3,65,"2013",3
"Monaco","F",2,1,87,"2013",1.5
"Mongolia","F",1,2,86,"2013",1.5
"Montenegro","F",3,2,72,"2013",2.5
"Morocco","PF",5,4,43,"2013",4.5
"Mozambique","PF",4,3,59,"2013",3.5
"Myanmar","NF",6,5,26,"2013",5.5
"Namibia","F",2,2,76,"2013",2
"Nauru","F",1,1,93,"2013",1
"Nepal","PF",4,4,47,"2013",4
"Netherlands","F",1,1,99,"2013",1
"New Zealand","F",1,1,97,"2013",1
"Nicaragua","PF",5,4,51,"2013",4.5
"Niger","PF",3,4,56,"2013",3.5
"Nigeria","PF",4,4,46,"2013",4
"North Korea","NF",7,7,3,"2013",7
"Norway","F",1,1,100,"2013",1
"Oman","NF",6,5,26,"2013",5.5
"Pakistan","PF",4,5,42,"2013",4.5
"Palau","F",1,1,92,"2013",1
"Panama","F",1,2,82,"2013",1.5
"Papua New Guinea","PF",4,3,59,"2013",3.5
"Paraguay","PF",3,3,62,"2013",3
"Peru","F",2,3,71,"2013",2.5
"Philippines","PF",3,3,63,"2013",3
"Poland","F",1,1,93,"2013",1
"Portugal","F",1,1,97,"2013",1
"Puerto Rico","F",1,2,89,"2013",1.5
"Qatar","NF",6,5,28,"2013",5.5
"Romania","F",2,2,81,"2013",2
"Russia","NF",6,5,27,"2013",5.5
"Rwanda","NF",6,6,24,"2013",6
"Samoa","F",2,2,81,"2013",2
"San Marino","F",1,1,100,"2013",1
"Sao Tome and Principe","F",2,2,81,"2013",2
"Saudi Arabia","NF",7,7,10,"2013",7
"Senegal","F",2,3,75,"2013",2.5
"Serbia","F",2,2,78,"2013",2
"Seychelles","PF",3,3,67,"2013",3
"Sierra Leone","F",2,3,70,"2013",2.5
"Singapore","PF",4,4,52,"2013",4
"Slovakia","F",1,1,92,"2013",1
"Slovenia","F",1,1,91,"2013",1
"Solomon Islands","PF",4,3,65,"2013",3.5
"Somalia","NF",7,7,2,"2013",7
"South Africa","F",2,2,81,"2013",2
"South Korea","F",1,2,86,"2013",1.5
"South Sudan","NF",6,5,31,"2013",5.5
"Spain","F",1,1,96,"2013",1
"Sri Lanka","PF",5,4,43,"2013",4.5
"St. Kitts and Nevis","F",1,1,91,"2013",1
"St. Lucia","F",1,1,93,"2013",1
"St. Vincent and the Grenadines","F",1,1,89,"2013",1
"Sudan","NF",7,7,7,"2013",7
"Suriname","F",2,2,77,"2013",2
"Swaziland","NF",7,5,21,"2013",6
"Sweden","F",1,1,100,"2013",1
"Switzerland","F",1,1,96,"2013",1
"Syria","NF",7,7,5,"2013",7
"Taiwan","F",1,2,88,"2013",1.5
"Tajikistan","NF",6,6,24,"2013",6
"Tanzania","PF",3,3,66,"2013",3
"Thailand","PF",4,4,53,"2013",4
"The Gambia","NF",6,6,23,"2013",6
"Timor-Leste","PF",3,4,63,"2013",3.5
"Togo","PF",5,4,43,"2013",4.5
"Tonga","F",3,2,73,"2013",2.5
"Trinidad and Tobago","F",2,2,81,"2013",2
"Tunisia","PF",3,4,59,"2013",3.5
"Turkey","PF",3,4,61,"2013",3.5
"Turkmenistan","NF",7,7,7,"2013",7
"Tuvalu","F",1,1,94,"2013",1
"Uganda","PF",5,4,40,"2013",4.5
"Ukraine","PF",4,3,57,"2013",3.5
"United Arab Emirates","NF",6,6,22,"2013",6
"United Kingdom","F",1,1,97,"2013",1
"United States","F",1,1,93,"2013",1
"Uruguay","F",1,1,97,"2013",1
"Uzbekistan","NF",7,7,4,"2013",7
"Vanuatu","F",2,2,79,"2013",2
"Venezuela","PF",5,5,39,"2013",5
"Vietnam","NF",7,5,19,"2013",6
"Yemen","NF",6,6,25,"2013",6
"Zambia","PF",3,4,62,"2013",3.5
"Zimbabwe","NF",6,6,25,"2013",6
"Afghanistan","NF",6,6,23,"2012",6
"Albania","PF",3,3,63,"2012",3
"Algeria","NF",6,5,35,"2012",5.5
"Andorra","F",1,1,96,"2012",1
"Angola","NF",6,5,29,"2012",5.5
"Antigua and Barbuda","F",3,2,77,"2012",2.5
"Argentina","F",2,2,81,"2012",2
"Armenia","PF",6,4,40,"2012",5
"Australia","F",1,1,96,"2012",1
"Austria","F",1,1,97,"2012",1
"Azerbaijan","NF",6,5,23,"2012",5.5
"Bahamas","F",1,1,96,"2012",1
"Bahrain","NF",6,6,20,"2012",6
"Bangladesh","PF",3,4,58,"2012",3.5
"Barbados","F",1,1,99,"2012",1
"Belarus","NF",7,6,14,"2012",6.5
"Belgium","F",1,1,98,"2012",1
"Belize","F",1,2,88,"2012",1.5
"Benin","F",2,2,81,"2012",2
"Bhutan","PF",4,5,43,"2012",4.5
"Bolivia","PF",3,3,66,"2012",3
"Bosnia and Herzegovina","PF",4,3,60,"2012",3.5
"Botswana","F",3,2,75,"2012",2.5
"Brazil","F",2,2,80,"2012",2
"Brunei","NF",6,5,30,"2012",5.5
"Bulgaria","F",2,2,81,"2012",2
"Burkina Faso","PF",5,3,51,"2012",4
"Burundi","PF",5,5,35,"2012",5
"Cambodia","NF",6,5,30,"2012",5.5
"Cameroon","NF",6,6,23,"2012",6
"Canada","F",1,1,99,"2012",1
"Cape Verde","F",1,1,90,"2012",1
"Central African Republic","PF",5,5,39,"2012",5
"Chad","NF",7,6,21,"2012",6.5
"Chile","F",1,1,97,"2012",1
"China","NF",7,6,16,"2012",6.5
"Colombia","PF",3,4,61,"2012",3.5
"Comoros","PF",3,4,55,"2012",3.5
"Congo (Brazzaville)","NF",6,5,29,"2012",5.5
"Congo (Kinshasa)","NF",6,6,20,"2012",6
"Costa Rica","F",1,1,91,"2012",1
"Cote d'Ivoire","NF",6,6,24,"2012",6
"Croatia","F",1,2,86,"2012",1.5
"Cuba","NF",7,6,11,"2012",6.5
"Cyprus","F",1,1,93,"2012",1
"Czech Republic","F",1,1,95,"2012",1
"Denmark","F",1,1,98,"2012",1
"Djibouti","NF",6,5,29,"2012",5.5
"Dominica","F",1,1,96,"2012",1
"Dominican Republic","F",2,2,75,"2012",2
"Ecuador","PF",3,3,63,"2012",3
"Egypt","NF",6,5,35,"2012",5.5
"El Salvador","F",2,3,76,"2012",2.5
"Equatorial Guinea","NF",7,7,8,"2012",7
"Eritrea","NF",7,7,6,"2012",7
"Estonia","F",1,1,95,"2012",1
"Ethiopia","NF",6,6,19,"2012",6
"Fiji","PF",6,4,35,"2012",5
"Finland","F",1,1,100,"2012",1
"France","F",1,1,95,"2012",1
"Gabon","NF",6,5,34,"2012",5.5
"Georgia","PF",4,3,58,"2012",3.5
"Germany","F",1,1,96,"2012",1
"Ghana","F",1,2,84,"2012",1.5
"Greece","F",2,2,85,"2012",2
"Grenada","F",1,2,89,"2012",1.5
"Guatemala","PF",3,4,58,"2012",3.5
"Guinea","PF",5,5,34,"2012",5
"Guinea-Bissau","PF",4,4,45,"2012",4
"Guyana","F",2,3,72,"2012",2.5
"Haiti","PF",4,5,45,"2012",4.5
"Honduras","PF",4,4,52,"2012",4
"Hungary","F",1,2,88,"2012",1.5
"Iceland","F",1,1,99,"2012",1
"India","F",2,3,77,"2012",2.5
"Indonesia","F",2,3,65,"2012",2.5
"Iran","NF",6,6,16,"2012",6
"Iraq","NF",5,6,25,"2012",5.5
"Ireland","F",1,1,97,"2012",1
"Israel","F",1,2,81,"2012",1.5
"Italy","F",1,1,89,"2012",1
"Jamaica","F",2,3,73,"2012",2.5
"Japan","F",1,2,88,"2012",1.5
"Jordan","NF",6,5,35,"2012",5.5
"Kazakhstan","NF",6,5,27,"2012",5.5
"Kenya","PF",4,3,57,"2012",3.5
"Kiribati","F",1,1,91,"2012",1
"Kosovo","PF",5,4,41,"2012",4.5
"Kuwait","PF",4,5,44,"2012",4.5
"Kyrgyzstan","PF",5,5,41,"2012",5
"Laos","NF",7,6,12,"2012",6.5
"Latvia","F",2,2,84,"2012",2
"Lebanon","PF",5,4,51,"2012",4.5
"Lesotho","PF",3,3,69,"2012",3
"Liberia","PF",3,4,60,"2012",3.5
"Libya","NF",7,6,17,"2012",6.5
"Liechtenstein","F",1,1,98,"2012",1
"Lithuania","F",1,1,90,"2012",1
"Luxembourg","F",1,1,100,"2012",1
"Macedonia","PF",3,3,65,"2012",3
"Madagascar","PF",6,4,39,"2012",5
"Malawi","PF",3,4,57,"2012",3.5
"Malaysia","PF",4,4,49,"2012",4
"Maldives","PF",3,4,56,"2012",3.5
"Mali","F",2,3,72,"2012",2.5
"Malta","F",1,1,97,"2012",1
"Marshall Islands","F",1,1,91,"2012",1
"Mauritania","NF",6,5,33,"2012",5.5
"Mauritius","F",1,2,90,"2012",1.5
"Mexico","PF",3,3,66,"2012",3
"Micronesia","F",1,1,93,"2012",1
"Moldova","PF",3,3,65,"2012",3
"Monaco","F",2,1,87,"2012",1.5
"Mongolia","F",2,2,85,"2012",2
"Montenegro","F",3,2,72,"2012",2.5
"Morocco","PF",5,4,43,"2012",4.5
"Mozambique","PF",4,3,59,"2012",3.5
"Myanmar","NF",7,6,14,"2012",6.5
"Namibia","F",2,2,76,"2012",2
"Nauru","F",1,1,93,"2012",1
"Nepal","PF",4,4,48,"2012",4
"Netherlands","F",1,1,99,"2012",1
"New Zealand","F",1,1,97,"2012",1
"Nicaragua","PF",5,4,51,"2012",4.5
"Niger","PF",3,4,56,"2012",3.5
"Nigeria","PF",4,4,49,"2012",4
"North Korea","NF",7,7,2,"2012",7
"Norway","F",1,1,100,"2012",1
"Oman","NF",6,5,27,"2012",5.5
"Pakistan","PF",4,5,43,"2012",4.5
"Palau","F",1,1,92,"2012",1
"Panama","F",1,2,83,"2012",1.5
"Papua New Guinea","PF",4,3,59,"2012",3.5
"Paraguay","PF",3,3,64,"2012",3
"Peru","F",2,3,71,"2012",2.5
"Philippines","PF",3,3,62,"2012",3
"Poland","F",1,1,93,"2012",1
"Portugal","F",1,1,97,"2012",1
"Puerto Rico","F",1,2,89,"2012",1.5
"Qatar","NF",6,5,28,"2012",5.5
"Romania","F",2,2,83,"2012",2
"Russia","NF",6,5,28,"2012",5.5
"Rwanda","NF",6,5,25,"2012",5.5
"Samoa","F",2,2,81,"2012",2
"San Marino","F",1,1,100,"2012",1
"Sao Tome and Principe","F",2,2,80,"2012",2
"Saudi Arabia","NF",7,7,10,"2012",7
"Senegal","PF",3,3,71,"2012",3
"Serbia","F",2,2,78,"2012",2
"Seychelles","PF",3,3,67,"2012",3
"Sierra Leone","PF",3,3,67,"2012",3
"Singapore","PF",4,4,52,"2012",4
"Slovakia","F",1,1,92,"2012",1
"Slovenia","F",1,1,91,"2012",1
"Solomon Islands","PF",4,3,64,"2012",3.5
"Somalia","NF",7,7,1,"2012",7
"South Africa","F",2,2,82,"2012",2
"South Korea","F",1,2,86,"2012",1.5
"South Sudan","NF",6,5,33,"2012",5.5
"Spain","F",1,1,97,"2012",1
"Sri Lanka","PF",5,4,45,"2012",4.5
"St. Kitts and Nevis","F",1,1,92,"2012",1
"St. Lucia","F",1,1,92,"2012",1
"St. Vincent and the Grenadines","F",1,1,89,"2012",1
"Sudan","NF",7,7,6,"2012",7
"Suriname","F",2,2,78,"2012",2
"Swaziland","NF",7,5,21,"2012",6
"Sweden","F",1,1,100,"2012",1
"Switzerland","F",1,1,96,"2012",1
"Syria","NF",7,7,6,"2012",7
"Taiwan","F",1,2,88,"2012",1.5
"Tajikistan","NF",6,5,26,"2012",5.5
"Tanzania","PF",3,3,64,"2012",3
"Thailand","PF",4,4,52,"2012",4
"The Gambia","NF",6,5,24,"2012",5.5
"Timor-Leste","PF",3,4,62,"2012",3.5
"Togo","PF",5,4,44,"2012",4.5
"Tonga","PF",3,3,71,"2012",3
"Trinidad and Tobago","F",2,2,81,"2012",2
"Tunisia","PF",3,4,58,"2012",3.5
"Turkey","PF",3,3,63,"2012",3
"Turkmenistan","NF",7,7,7,"2012",7
"Tuvalu","F",1,1,94,"2012",1
"Uganda","PF",5,4,42,"2012",4.5
"Ukraine","PF",4,3,60,"2012",3.5
"United Arab Emirates","NF",6,6,24,"2012",6
"United Kingdom","F",1,1,96,"2012",1
"United States","F",1,1,93,"2012",1
"Uruguay","F",1,1,97,"2012",1
"Uzbekistan","NF",7,7,4,"2012",7
"Vanuatu","F",2,2,80,"2012",2
"Venezuela","PF",5,5,41,"2012",5
"Vietnam","NF",7,5,19,"2012",6
"Yemen","NF",6,6,23,"2012",6
"Zambia","PF",3,4,63,"2012",3.5
"Zimbabwe","NF",6,6,20,"2012",6
"Afghanistan","NF",6,6,25,"2011",6
"Albania","PF",3,3,66,"2011",3
"Algeria","NF",6,5,36,"2011",5.5
"Andorra","F",1,1,96,"2011",1
"Angola","NF",6,5,31,"2011",5.5
"Antigua and Barbuda","F",3,2,77,"2011",2.5
"Argentina","F",2,2,80,"2011",2
"Armenia","PF",6,4,39,"2011",5
"Australia","F",1,1,96,"2011",1
"Austria","F",1,1,97,"2011",1
"Azerbaijan","NF",6,5,28,"2011",5.5
"Bahamas","F",1,1,96,"2011",1
"Bahrain","NF",6,5,30,"2011",5.5
"Bangladesh","PF",3,4,60,"2011",3.5
"Barbados","F",1,1,99,"2011",1
"Belarus","NF",7,6,15,"2011",6.5
"Belgium","F",1,1,97,"2011",1
"Belize","F",1,2,88,"2011",1.5
"Benin","F",2,2,83,"2011",2
"Bhutan","PF",4,5,43,"2011",4.5
"Bolivia","PF",3,3,66,"2011",3
"Bosnia and Herzegovina","PF",4,3,60,"2011",3.5
"Botswana","F",3,2,75,"2011",2.5
"Brazil","F",2,2,78,"2011",2
"Brunei","NF",6,5,30,"2011",5.5
"Bulgaria","F",2,2,82,"2011",2
"Burkina Faso","PF",5,3,53,"2011",4
"Burundi","PF",5,5,35,"2011",5
"Cambodia","NF",6,5,29,"2011",5.5
"Cameroon","NF",6,6,23,"2011",6
"Canada","F",1,1,99,"2011",1
"Cape Verde","F",1,1,90,"2011",1
"Central African Republic","PF",5,5,37,"2011",5
"Chad","NF",7,6,21,"2011",6.5
"Chile","F",1,1,97,"2011",1
"China","NF",7,6,17,"2011",6.5
"Colombia","PF",3,4,61,"2011",3.5
"Comoros","PF",3,4,55,"2011",3.5
"Congo (Brazzaville)","NF",6,5,29,"2011",5.5
"Congo (Kinshasa)","NF",6,6,21,"2011",6
"Costa Rica","F",1,1,91,"2011",1
"Cote d'Ivoire","NF",7,6,20,"2011",6.5
"Croatia","F",1,2,86,"2011",1.5
"Cuba","NF",7,6,10,"2011",6.5
"Cyprus","F",1,1,94,"2011",1
"Czech Republic","F",1,1,95,"2011",1
"Denmark","F",1,1,97,"2011",1
"Djibouti","NF",6,5,33,"2011",5.5
"Dominica","F",1,1,96,"2011",1
"Dominican Republic","F",2,2,76,"2011",2
"Ecuador","PF",3,3,67,"2011",3
"Egypt","NF",6,5,25,"2011",5.5
"El Salvador","F",2,3,75,"2011",2.5
"Equatorial Guinea","NF",7,7,8,"2011",7
"Eritrea","NF",7,7,7,"2011",7
"Estonia","F",1,1,95,"2011",1
"Ethiopia","NF",6,6,21,"2011",6
"Fiji","PF",6,4,37,"2011",5
"Finland","F",1,1,100,"2011",1
"France","F",1,1,95,"2011",1
"Gabon","NF",6,5,34,"2011",5.5
"Georgia","PF",4,3,56,"2011",3.5
"Germany","F",1,1,96,"2011",1
"Ghana","F",1,2,84,"2011",1.5
"Greece","F",1,2,86,"2011",1.5
"Grenada","F",1,2,89,"2011",1.5
"Guatemala","PF",4,4,57,"2011",4
"Guinea","PF",5,5,36,"2011",5
"Guinea-Bissau","PF",4,4,45,"2011",4
"Guyana","F",2,3,72,"2011",2.5
"Haiti","PF",4,5,45,"2011",4.5
"Honduras","PF",4,4,52,"2011",4
"Hungary","F",1,1,90,"2011",1
"Iceland","F",1,1,99,"2011",1
"India","F",2,3,76,"2011",2.5
"Indonesia","F",2,3,65,"2011",2.5
"Iran","NF",6,6,17,"2011",6
"Iraq","NF",5,6,25,"2011",5.5
"Ireland","F",1,1,97,"2011",1
"Israel","F",1,2,83,"2011",1.5
"Italy","F",1,2,89,"2011",1.5
"Jamaica","F",2,3,73,"2011",2.5
"Japan","F",1,2,88,"2011",1.5
"Jordan","NF",6,5,34,"2011",5.5
"Kazakhstan","NF",6,5,28,"2011",5.5
"Kenya","PF",4,3,56,"2011",3.5
"Kiribati","F",1,1,91,"2011",1
"Kosovo","PF",5,4,41,"2011",4.5
"Kuwait","PF",4,5,44,"2011",4.5
"Kyrgyzstan","PF",5,5,37,"2011",5
"Laos","NF",7,6,12,"2011",6.5
"Latvia","F",2,2,85,"2011",2
"Lebanon","PF",5,3,52,"2011",4
"Lesotho","PF",3,3,70,"2011",3
"Liberia","PF",3,4,58,"2011",3.5
"Libya","NF",7,7,8,"2011",7
"Liechtenstein","F",1,1,100,"2011",1
"Lithuania","F",1,1,90,"2011",1
"Luxembourg","F",1,1,100,"2011",1
"Macedonia","PF",3,3,66,"2011",3
"Madagascar","PF",6,4,39,"2011",5
"Malawi","PF",3,4,60,"2011",3.5
"Malaysia","PF",4,4,49,"2011",4
"Maldives","PF",3,4,56,"2011",3.5
"Mali","F",2,3,72,"2011",2.5
"Malta","F",1,1,97,"2011",1
"Marshall Islands","F",1,1,91,"2011",1
"Mauritania","NF",6,5,34,"2011",5.5
"Mauritius","F",1,2,90,"2011",1.5
"Mexico","PF",3,3,66,"2011",3
"Micronesia","F",1,1,93,"2011",1
"Moldova","PF",3,3,63,"2011",3
"Monaco","F",2,1,87,"2011",1.5
"Mongolia","F",2,2,85,"2011",2
"Montenegro","F",3,2,72,"2011",2.5
"Morocco","PF",5,4,42,"2011",4.5
"Mozambique","PF",4,3,59,"2011",3.5
"Myanmar","NF",7,7,5,"2011",7
"Namibia","F",2,2,75,"2011",2
"Nauru","F",1,1,93,"2011",1
"Nepal","PF",4,4,48,"2011",4
"Netherlands","F",1,1,98,"2011",1
"New Zealand","F",1,1,97,"2011",1
"Nicaragua","PF",4,4,54,"2011",4
"Niger","PF",5,4,42,"2011",4.5
"Nigeria","PF",4,4,48,"2011",4
"North Korea","NF",7,7,1,"2011",7
"Norway","F",1,1,100,"2011",1
"Oman","NF",6,5,27,"2011",5.5
"Pakistan","PF",4,5,44,"2011",4.5
"Palau","F",1,1,92,"2011",1
"Panama","F",1,2,83,"2011",1.5
"Papua New Guinea","PF",4,3,59,"2011",3.5
"Paraguay","PF",3,3,64,"2011",3
"Peru","F",2,3,72,"2011",2.5
"Philippines","PF",3,3,61,"2011",3
"Poland","F",1,1,93,"2011",1
"Portugal","F",1,1,97,"2011",1
"Puerto Rico","F",1,1,90,"2011",1
"Qatar","NF",6,5,28,"2011",5.5
"Romania","F",2,2,83,"2011",2
"Russia","NF",6,5,27,"2011",5.5
"Rwanda","NF",6,5,27,"2011",5.5
"Samoa","F",2,2,81,"2011",2
"San Marino","F",1,1,100,"2011",1
"Sao Tome and Principe","F",2,2,80,"2011",2
"Saudi Arabia","NF",7,6,12,"2011",6.5
"Senegal","PF",3,3,71,"2011",3
"Serbia","F",2,2,78,"2011",2
"Seychelles","PF",3,3,67,"2011",3
"Sierra Leone","PF",3,3,64,"2011",3
"Singapore","PF",5,4,48,"2011",4.5
"Slovakia","F",1,1,90,"2011",1
"Slovenia","F",1,1,91,"2011",1
"Solomon Islands","PF",4,3,64,"2011",3.5
"Somalia","NF",7,7,1,"2011",7
"South Africa","F",2,2,83,"2011",2
"South Korea","F",1,2,86,"2011",1.5
"Spain","F",1,1,97,"2011",1
"Sri Lanka","PF",5,4,45,"2011",4.5
"St. Kitts and Nevis","F",1,1,92,"2011",1
"St. Lucia","F",1,1,92,"2011",1
"St. Vincent and the Grenadines","F",1,1,89,"2011",1
"Sudan","NF",7,7,11,"2011",7
"Suriname","F",2,2,78,"2011",2
"Swaziland","NF",7,5,23,"2011",6
"Sweden","F",1,1,100,"2011",1
"Switzerland","F",1,1,96,"2011",1
"Syria","NF",7,6,9,"2011",6.5
"Taiwan","F",1,2,87,"2011",1.5
"Tajikistan","NF",6,5,26,"2011",5.5
"Tanzania","PF",3,3,64,"2011",3
"Thailand","PF",5,4,42,"2011",4.5
"The Gambia","PF",5,5,38,"2011",5
"Timor-Leste","PF",3,4,62,"2011",3.5
"Togo","PF",5,4,42,"2011",4.5
"Tonga","PF",3,3,71,"2011",3
"Trinidad and Tobago","F",2,2,82,"2011",2
"Tunisia","NF",7,5,23,"2011",6
"Turkey","PF",3,3,63,"2011",3
"Turkmenistan","NF",7,7,8,"2011",7
"Tuvalu","F",1,1,94,"2011",1
"Uganda","PF",5,4,45,"2011",4.5
"Ukraine","PF",3,3,67,"2011",3
"United Arab Emirates","NF",6,5,27,"2011",5.5
"United Kingdom","F",1,1,97,"2011",1
"United States","F",1,1,94,"2011",1
"Uruguay","F",1,1,97,"2011",1
"Uzbekistan","NF",7,7,4,"2011",7
"Vanuatu","F",2,2,80,"2011",2
"Venezuela","PF",5,5,42,"2011",5
"Vietnam","NF",7,5,20,"2011",6
"Yemen","NF",6,5,29,"2011",5.5
"Zambia","PF",3,4,58,"2011",3.5
"Zimbabwe","NF",6,6,21,"2011",6
"Afghanistan","NF",6,6,27,"2010",6
"Albania","PF",3,3,65,"2010",3
"Algeria","NF",6,5,36,"2010",5.5
"Andorra","F",1,1,96,"2010",1
"Angola","NF",6,5,31,"2010",5.5
"Antigua and Barbuda","F",3,2,76,"2010",2.5
"Argentina","F",2,2,80,"2010",2
"Armenia","PF",6,4,39,"2010",5
"Australia","F",1,1,96,"2010",1
"Austria","F",1,1,97,"2010",1
"Azerbaijan","NF",6,5,29,"2010",5.5
"Bahamas","F",1,1,96,"2010",1
"Bahrain","NF",6,5,32,"2010",5.5
"Bangladesh","PF",3,4,59,"2010",3.5
"Barbados","F",1,1,99,"2010",1
"Belarus","NF",7,6,15,"2010",6.5
"Belgium","F",1,1,98,"2010",1
"Belize","F",1,2,88,"2010",1.5
"Benin","F",2,2,80,"2010",2
"Bhutan","PF",4,5,43,"2010",4.5
"Bolivia","PF",3,3,68,"2010",3
"Bosnia and Herzegovina","PF",4,3,61,"2010",3.5
"Botswana","F",3,2,75,"2010",2.5
"Brazil","F",2,2,77,"2010",2
"Brunei","NF",6,5,30,"2010",5.5
"Bulgaria","F",2,2,82,"2010",2
"Burkina Faso","PF",5,3,52,"2010",4
"Burundi","PF",4,5,45,"2010",4.5
"Cambodia","NF",6,5,32,"2010",5.5
"Cameroon","NF",6,6,24,"2010",6
"Canada","F",1,1,99,"2010",1
"Cape Verde","F",1,1,90,"2010",1
"Central African Republic","PF",5,5,39,"2010",5
"Chad","NF",7,6,20,"2010",6.5
"Chile","F",1,1,97,"2010",1
"China","NF",7,6,17,"2010",6.5
"Colombia","PF",3,4,59,"2010",3.5
"Comoros","PF",3,4,55,"2010",3.5
"Congo (Brazzaville)","NF",6,5,29,"2010",5.5
"Congo (Kinshasa)","NF",6,6,21,"2010",6
"Costa Rica","F",1,1,91,"2010",1
"Cote d'Ivoire","NF",6,5,26,"2010",5.5
"Croatia","F",1,2,86,"2010",1.5
"Cuba","NF",7,6,9,"2010",6.5
"Cyprus","F",1,1,94,"2010",1
"Czech Republic","F",1,1,95,"2010",1
"Denmark","F",1,1,96,"2010",1
"Djibouti","PF",5,5,35,"2010",5
"Dominica","F",1,1,96,"2010",1
"Dominican Republic","F",2,2,78,"2010",2
"Ecuador","PF",3,3,68,"2010",3
"Egypt","NF",6,5,27,"2010",5.5
"El Salvador","F",2,3,74,"2010",2.5
"Equatorial Guinea","NF",7,7,8,"2010",7
"Eritrea","NF",7,7,8,"2010",7
"Estonia","F",1,1,95,"2010",1
"Ethiopia","PF",5,5,31,"2010",5
"Fiji","PF",6,4,38,"2010",5
"Finland","F",1,1,100,"2010",1
"France","F",1,1,96,"2010",1
"Gabon","NF",6,5,34,"2010",5.5
"Georgia","PF",4,4,54,"2010",4
"Germany","F",1,1,96,"2010",1
"Ghana","F",1,2,84,"2010",1.5
"Greece","F",1,2,86,"2010",1.5
"Grenada","F",1,2,90,"2010",1.5
"Guatemala","PF",4,4,56,"2010",4
"Guinea","NF",7,6,15,"2010",6.5
"Guinea-Bissau","PF",4,4,48,"2010",4
"Guyana","F",2,3,72,"2010",2.5
"Haiti","PF",4,5,47,"2010",4.5
"Honduras","PF",4,4,51,"2010",4
"Hungary","F",1,1,91,"2010",1
"Iceland","F",1,1,99,"2010",1
"India","F",2,3,76,"2010",2.5
"Indonesia","F",2,3,65,"2010",2.5
"Iran","NF",6,6,20,"2010",6
"Iraq","NF",5,6,26,"2010",5.5
"Ireland","F",1,1,97,"2010",1
"Israel","F",1,2,82,"2010",1.5
"Italy","F",1,2,89,"2010",1.5
"Jamaica","F",2,3,75,"2010",2.5
"Japan","F",1,2,88,"2010",1.5
"Jordan","NF",6,5,34,"2010",5.5
"Kazakhstan","NF",6,5,28,"2010",5.5
"Kenya","PF",4,4,52,"2010",4
"Kiribati","F",1,1,91,"2010",1
"Kosovo","PF",5,4,40,"2010",4.5
"Kuwait","PF",4,4,46,"2010",4
"Kyrgyzstan","NF",6,5,36,"2010",5.5
"Laos","NF",7,6,13,"2010",6.5
"Latvia","F",2,1,86,"2010",1.5
"Lebanon","PF",5,3,52,"2010",4
"Lesotho","PF",3,3,70,"2010",3
"Liberia","PF",3,4,58,"2010",3.5
"Libya","NF",7,7,8,"2010",7
"Liechtenstein","F",1,1,100,"2010",1
"Lithuania","F",1,1,90,"2010",1
"Luxembourg","F",1,1,100,"2010",1
"Macedonia","PF",3,3,63,"2010",3
"Madagascar","PF",6,4,41,"2010",5
"Malawi","PF",3,4,60,"2010",3.5
"Malaysia","PF",4,4,49,"2010",4
"Maldives","PF",3,4,57,"2010",3.5
"Mali","F",2,3,71,"2010",2.5
"Malta","F",1,1,97,"2010",1
"Marshall Islands","F",1,1,91,"2010",1
"Mauritania","NF",6,5,34,"2010",5.5
"Mauritius","F",1,2,90,"2010",1.5
"Mexico","F",2,3,69,"2010",2.5
"Micronesia","F",1,1,93,"2010",1
"Moldova","PF",3,4,58,"2010",3.5
"Monaco","F",2,1,87,"2010",1.5
"Mongolia","F",2,2,85,"2010",2
"Montenegro","F",3,2,69,"2010",2.5
"Morocco","PF",5,4,42,"2010",4.5
"Mozambique","PF",4,3,59,"2010",3.5
"Myanmar","NF",7,7,2,"2010",7
"Namibia","F",2,2,76,"2010",2
"Nauru","F",1,1,93,"2010",1
"Nepal","PF",4,4,50,"2010",4
"Netherlands","F",1,1,99,"2010",1
"New Zealand","F",1,1,97,"2010",1
"Nicaragua","PF",4,4,54,"2010",4
"Niger","PF",5,4,42,"2010",4.5
"Nigeria","PF",5,4,45,"2010",4.5
"North Korea","NF",7,7,1,"2010",7
"Norway","F",1,1,100,"2010",1
"Oman","NF",6,5,27,"2010",5.5
"Pakistan","PF",4,5,43,"2010",4.5
"Palau","F",1,1,92,"2010",1
"Panama","F",1,2,83,"2010",1.5
"Papua New Guinea","PF",4,3,59,"2010",3.5
"Paraguay","PF",3,3,64,"2010",3
"Peru","F",2,3,72,"2010",2.5
"Philippines","PF",4,3,57,"2010",3.5
"Poland","F",1,1,93,"2010",1
"Portugal","F",1,1,97,"2010",1
"Puerto Rico","F",1,1,92,"2010",1
"Qatar","NF",6,5,28,"2010",5.5
"Romania","F",2,2,83,"2010",2
"Russia","NF",6,5,27,"2010",5.5
"Rwanda","NF",6,5,34,"2010",5.5
"Samoa","F",2,2,81,"2010",2
"San Marino","F",1,1,100,"2010",1
"Sao Tome and Principe","F",2,2,80,"2010",2
"Saudi Arabia","NF",7,6,12,"2010",6.5
"Senegal","PF",3,3,72,"2010",3
"Serbia","F",2,2,78,"2010",2
"Seychelles","PF",3,3,67,"2010",3
"Sierra Leone","PF",3,3,64,"2010",3
"Singapore","PF",5,4,48,"2010",4.5
"Slovakia","F",1,1,90,"2010",1
"Slovenia","F",1,1,91,"2010",1
"Solomon Islands","PF",4,3,64,"2010",3.5
"Somalia","NF",7,7,1,"2010",7
"South Africa","F",2,2,84,"2010",2
"South Korea","F",1,2,86,"2010",1.5
"Spain","F",1,1,97,"2010",1
"Sri Lanka","PF",4,4,52,"2010",4
"St. Kitts and Nevis","F",1,1,92,"2010",1
"St. Lucia","F",1,1,92,"2010",1
"St. Vincent and the Grenadines","F",2,1,88,"2010",1.5
"Sudan","NF",7,7,9,"2010",7
"Suriname","F",2,2,78,"2010",2
"Swaziland","NF",7,5,24,"2010",6
"Sweden","F",1,1,100,"2010",1
"Switzerland","F",1,1,96,"2010",1
"Syria","NF",7,6,9,"2010",6.5
"Taiwan","F",1,2,88,"2010",1.5
"Tajikistan","NF",6,5,27,"2010",5.5
"Tanzania","PF",4,3,57,"2010",3.5
"Thailand","PF",5,4,44,"2010",4.5
"The Gambia","PF",5,5,39,"2010",5
"Timor-Leste","PF",3,4,62,"2010",3.5
"Togo","PF",5,4,43,"2010",4.5
"Tonga","PF",5,3,55,"2010",4
"Trinidad and Tobago","F",2,2,81,"2010",2
"Tunisia","NF",7,5,23,"2010",6
"Turkey","PF",3,3,63,"2010",3
"Turkmenistan","NF",7,7,8,"2010",7
"Tuvalu","F",1,1,94,"2010",1
"Uganda","PF",5,4,45,"2010",4.5
"Ukraine","F",3,2,73,"2010",2.5
"United Arab Emirates","NF",6,5,27,"2010",5.5
"United Kingdom","F",1,1,96,"2010",1
"United States","F",1,1,94,"2010",1
"Uruguay","F",1,1,97,"2010",1
"Uzbekistan","NF",7,7,4,"2010",7
"Vanuatu","F",2,2,80,"2010",2
"Venezuela","PF",5,4,43,"2010",4.5
"Vietnam","NF",7,5,21,"2010",6
"Yemen","NF",6,5,29,"2010",5.5
"Zambia","PF",3,4,60,"2010",3.5
"Zimbabwe","NF",6,6,17,"2010",6
"Afghanistan","NF",5,6,32,"2009",5.5
"Albania","PF",3,3,66,"2009",3
"Algeria","NF",6,5,36,"2009",5.5
"Andorra","F",1,1,96,"2009",1
"Angola","NF",6,5,32,"2009",5.5
"Antigua and Barbuda","F",2,2,77,"2009",2
"Argentina","F",2,2,80,"2009",2
"Armenia","PF",6,4,38,"2009",5
"Australia","F",1,1,96,"2009",1
"Austria","F",1,1,97,"2009",1
"Azerbaijan","NF",6,5,29,"2009",5.5
"Bahamas","F",1,1,96,"2009",1
"Bahrain","PF",5,5,34,"2009",5
"Bangladesh","PF",4,4,52,"2009",4
"Barbados","F",1,1,99,"2009",1
"Belarus","NF",7,6,15,"2009",6.5
"Belgium","F",1,1,97,"2009",1
"Belize","F",1,2,87,"2009",1.5
"Benin","F",2,2,80,"2009",2
"Bhutan","PF",4,5,43,"2009",4.5
"Bolivia","PF",3,3,68,"2009",3
"Bosnia and Herzegovina","PF",4,3,61,"2009",3.5
"Botswana","F",2,2,78,"2009",2
"Brazil","F",2,2,77,"2009",2
"Brunei","NF",6,5,30,"2009",5.5
"Bulgaria","F",2,2,82,"2009",2
"Burkina Faso","PF",5,3,52,"2009",4
"Burundi","PF",4,5,43,"2009",4.5
"Cambodia","NF",6,5,34,"2009",5.5
"Cameroon","NF",6,6,23,"2009",6
"Canada","F",1,1,97,"2009",1
"Cape Verde","F",1,1,90,"2009",1
"Central African Republic","PF",5,5,40,"2009",5
"Chad","NF",7,6,20,"2009",6.5
"Chile","F",1,1,97,"2009",1
"China","NF",7,6,16,"2009",6.5
"Colombia","PF",3,4,60,"2009",3.5
"Comoros","PF",3,4,55,"2009",3.5
"Congo (Brazzaville)","NF",6,5,33,"2009",5.5
"Congo (Kinshasa)","NF",6,6,22,"2009",6
"Costa Rica","F",1,1,91,"2009",1
"Cote d'Ivoire","NF",6,5,25,"2009",5.5
"Croatia","F",2,2,84,"2009",2
"Cuba","NF",7,6,9,"2009",6.5
"Cyprus","F",1,1,95,"2009",1
"Czech Republic","F",1,1,95,"2009",1
"Denmark","F",1,1,97,"2009",1
"Djibouti","PF",5,5,34,"2009",5
"Dominica","F",1,1,97,"2009",1
"Dominican Republic","F",2,2,81,"2009",2
"Ecuador","PF",3,3,69,"2009",3
"Egypt","NF",6,5,25,"2009",5.5
"El Salvador","F",2,3,73,"2009",2.5
"Equatorial Guinea","NF",7,7,8,"2009",7
"Eritrea","NF",7,6,13,"2009",6.5
"Estonia","F",1,1,95,"2009",1
"Ethiopia","PF",5,5,33,"2009",5
"Fiji","PF",6,4,38,"2009",5
"Finland","F",1,1,100,"2009",1
"France","F",1,1,96,"2009",1
"Gabon","PF",6,4,36,"2009",5
"Georgia","PF",4,4,51,"2009",4
"Germany","F",1,1,96,"2009",1
"Ghana","F",1,2,84,"2009",1.5
"Greece","F",1,2,88,"2009",1.5
"Grenada","F",1,2,90,"2009",1.5
"Guatemala","PF",3,4,57,"2009",3.5
"Guinea","NF",7,5,28,"2009",6
"Guinea-Bissau","PF",4,4,50,"2009",4
"Guyana","F",2,3,73,"2009",2.5
"Haiti","PF",4,5,47,"2009",4.5
"Honduras","PF",3,3,60,"2009",3
"Hungary","F",1,1,92,"2009",1
"Iceland","F",1,1,100,"2009",1
"India","F",2,3,76,"2009",2.5
"Indonesia","F",2,3,66,"2009",2.5
"Iran","NF",6,6,22,"2009",6
"Iraq","NF",6,6,24,"2009",6
"Ireland","F",1,1,97,"2009",1
"Israel","F",1,2,84,"2009",1.5
"Italy","F",1,2,90,"2009",1.5
"Jamaica","F",2,3,75,"2009",2.5
"Japan","F",1,2,88,"2009",1.5
"Jordan","PF",5,5,38,"2009",5
"Kazakhstan","NF",6,5,30,"2009",5.5
"Kenya","PF",4,3,54,"2009",3.5
"Kiribati","F",1,1,91,"2009",1
"Kosovo","NF",6,5,35,"2009",5.5
"Kuwait","PF",4,4,46,"2009",4
"Kyrgyzstan","PF",5,4,39,"2009",4.5
"Laos","NF",7,6,13,"2009",6.5
"Latvia","F",2,1,87,"2009",1.5
"Lebanon","PF",5,4,51,"2009",4.5
"Lesotho","F",2,3,71,"2009",2.5
"Liberia","PF",3,4,59,"2009",3.5
"Libya","NF",7,7,8,"2009",7
"Liechtenstein","F",1,1,100,"2009",1
"Lithuania","F",1,1,91,"2009",1
"Luxembourg","F",1,1,100,"2009",1
"Macedonia","PF",3,3,60,"2009",3
"Madagascar","PF",4,3,58,"2009",3.5
"Malawi","PF",4,4,57,"2009",4
"Malaysia","PF",4,4,49,"2009",4
"Maldives","PF",4,4,48,"2009",4
"Mali","F",2,3,70,"2009",2.5
"Malta","F",1,1,98,"2009",1
"Marshall Islands","F",1,1,91,"2009",1
"Mauritania","NF",6,5,32,"2009",5.5
"Mauritius","F",1,2,90,"2009",1.5
"Mexico","F",2,3,70,"2009",2.5
"Micronesia","F",1,1,93,"2009",1
"Moldova","PF",4,4,55,"2009",4
"Monaco","F",2,1,87,"2009",1.5
"Mongolia","F",2,2,82,"2009",2
"Montenegro","PF",3,3,66,"2009",3
"Morocco","PF",5,4,44,"2009",4.5
"Mozambique","PF",3,3,61,"2009",3
"Myanmar","NF",7,7,2,"2009",7
"Namibia","F",2,2,75,"2009",2
"Nauru","F",1,1,93,"2009",1
"Nepal","PF",4,4,50,"2009",4
"Netherlands","F",1,1,99,"2009",1
"New Zealand","F",1,1,96,"2009",1
"Nicaragua","PF",4,3,57,"2009",3.5
"Niger","PF",3,4,58,"2009",3.5
"Nigeria","PF",5,4,47,"2009",4.5
"North Korea","NF",7,7,2,"2009",7
"Norway","F",1,1,100,"2009",1
"Oman","NF",6,5,28,"2009",5.5
"Pakistan","PF",4,5,40,"2009",4.5
"Pakistani Kashmir","NF",6,5,27,"2009",5.5
"Palau","F",1,1,92,"2009",1
"Panama","F",1,2,83,"2009",1.5
"Papua New Guinea","PF",4,3,59,"2009",3.5
"Paraguay","PF",3,3,64,"2009",3
"Peru","F",2,3,73,"2009",2.5
"Philippines","PF",4,3,60,"2009",3.5
"Poland","F",1,1,93,"2009",1
"Portugal","F",1,1,97,"2009",1
"Qatar","NF",6,5,28,"2009",5.5
"Romania","F",2,2,83,"2009",2
"Russia","NF",6,5,31,"2009",5.5
"Rwanda","NF",6,5,34,"2009",5.5
"Samoa","F",2,2,81,"2009",2
"San Marino","F",1,1,100,"2009",1
"Sao Tome and Principe","F",2,2,80,"2009",2
"Saudi Arabia","NF",7,6,12,"2009",6.5
"Senegal","PF",3,3,72,"2009",3
"Serbia","F",3,2,76,"2009",2.5
"Seychelles","PF",3,3,67,"2009",3
"Sierra Leone","PF",3,3,64,"2009",3
"Singapore","PF",5,4,48,"2009",4.5
"Slovakia","F",1,1,91,"2009",1
"Slovenia","F",1,1,91,"2009",1
"Solomon Islands","PF",4,3,64,"2009",3.5
"Somalia","NF",7,7,2,"2009",7
"South Africa","F",2,2,85,"2009",2
"South Korea","F",1,2,86,"2009",1.5
"South Ossetia","NF",7,6,9,"2009",6.5
"Spain","F",1,1,97,"2009",1
"Sri Lanka","PF",4,4,52,"2009",4
"St. Kitts and Nevis","F",1,1,92,"2009",1
"St. Lucia","F",1,1,92,"2009",1
"St. Vincent and the Grenadines","F",2,1,88,"2009",1.5
"Sudan","NF",7,7,10,"2009",7
"Suriname","F",2,2,78,"2009",2
"Swaziland","NF",7,5,23,"2009",6
"Sweden","F",1,1,100,"2009",1
"Switzerland","F",1,1,97,"2009",1
"Syria","NF",7,6,9,"2009",6.5
"Taiwan","F",2,1,89,"2009",1.5
"Tajikistan","NF",6,5,27,"2009",5.5
"Tanzania","PF",4,3,58,"2009",3.5
"Thailand","PF",5,4,44,"2009",4.5
"The Gambia","PF",5,4,43,"2009",4.5
"Timor-Leste","PF",3,4,62,"2009",3.5
"Togo","PF",5,5,39,"2009",5
"Tonga","PF",5,3,55,"2009",4
"Transnistria","NF",6,6,22,"2009",6
"Trinidad and Tobago","F",2,2,81,"2009",2
"Tunisia","NF",7,5,23,"2009",6
"Turkey","PF",3,3,65,"2009",3
"Turkmenistan","NF",7,7,6,"2009",7
"Tuvalu","F",1,1,94,"2009",1
"Uganda","PF",5,4,45,"2009",4.5
"Ukraine","F",3,2,73,"2009",2.5
"United Arab Emirates","NF",6,5,28,"2009",5.5
"United Kingdom","F",1,1,97,"2009",1
"United States","F",1,1,94,"2009",1
"Uruguay","F",1,1,97,"2009",1
"Uzbekistan","NF",7,7,3,"2009",7
"Vanuatu","F",2,2,80,"2009",2
"Venezuela","PF",4,4,46,"2009",4
"Vietnam","NF",7,5,22,"2009",6
"Yemen","PF",5,5,35,"2009",5
"Zambia","PF",3,3,61,"2009",3
"Zimbabwe","NF",7,6,12,"2009",6.5
"Afghanistan","PF",5,5,34,"2008",5
"Albania","PF",3,3,65,"2008",3
"Algeria","NF",6,5,36,"2008",5.5
"Andorra","F",1,1,96,"2008",1
"Angola","NF",6,5,29,"2008",5.5
"Antigua and Barbuda","F",2,2,77,"2008",2
"Argentina","F",2,2,80,"2008",2
"Armenia","PF",5,4,42,"2008",4.5
"Australia","F",1,1,96,"2008",1
"Austria","F",1,1,98,"2008",1
"Azerbaijan","NF",6,5,31,"2008",5.5
"Bahamas","F",1,1,96,"2008",1
"Bahrain","PF",5,5,37,"2008",5
"Bangladesh","PF",5,4,40,"2008",4.5
"Barbados","F",1,1,99,"2008",1
"Belarus","NF",7,6,13,"2008",6.5
"Belgium","F",1,1,97,"2008",1
"Belize","F",1,2,87,"2008",1.5
"Benin","F",2,2,82,"2008",2
"Bhutan","NF",6,5,34,"2008",5.5
"Bolivia","PF",3,3,70,"2008",3
"Bosnia and Herzegovina","PF",4,3,62,"2008",3.5
"Botswana","F",2,2,79,"2008",2
"Brazil","F",2,2,76,"2008",2
"Brunei","NF",6,5,30,"2008",5.5
"Bulgaria","F",1,2,85,"2008",1.5
"Burkina Faso","PF",5,3,53,"2008",4
"Burundi","PF",4,5,45,"2008",4.5
"Cambodia","NF",6,5,35,"2008",5.5
"Cameroon","NF",6,6,25,"2008",6
"Canada","F",1,1,99,"2008",1
"Cape Verde","F",1,1,90,"2008",1
"Central African Republic","PF",5,5,40,"2008",5
"Chad","NF",7,6,20,"2008",6.5
"Chechnya","NF",7,7,7,"2008",7
"Chile","F",1,1,97,"2008",1
"China","NF",7,6,18,"2008",6.5
"Colombia","PF",3,3,61,"2008",3
"Comoros","PF",4,4,53,"2008",4
"Congo (Brazzaville)","NF",6,5,32,"2008",5.5
"Congo (Kinshasa)","NF",5,6,25,"2008",5.5
"Costa Rica","F",1,1,91,"2008",1
"Cote d'Ivoire","NF",7,5,24,"2008",6
"Croatia","F",2,2,85,"2008",2
"Cuba","NF",7,7,7,"2008",7
"Cyprus","F",1,1,95,"2008",1
"Czech Republic","F",1,1,95,"2008",1
"Denmark","F",1,1,98,"2008",1
"Djibouti","PF",5,5,34,"2008",5
"Dominica","F",1,1,97,"2008",1
"Dominican Republic","F",2,2,80,"2008",2
"Ecuador","PF",3,3,69,"2008",3
"Egypt","NF",6,5,25,"2008",5.5
"El Salvador","F",2,3,73,"2008",2.5
"Equatorial Guinea","NF",7,6,10,"2008",6.5
"Eritrea","NF",7,6,13,"2008",6.5
"Estonia","F",1,1,94,"2008",1
"Ethiopia","PF",5,5,33,"2008",5
"Fiji","PF",6,4,39,"2008",5
"Finland","F",1,1,100,"2008",1
"France","F",1,1,93,"2008",1
"Gabon","PF",6,4,37,"2008",5
"Georgia","PF",4,4,54,"2008",4
"Germany","F",1,1,96,"2008",1
"Ghana","F",1,2,84,"2008",1.5
"Greece","F",1,2,89,"2008",1.5
"Grenada","F",1,2,88,"2008",1.5
"Guatemala","PF",3,4,57,"2008",3.5
"Guinea","NF",6,5,33,"2008",5.5
"Guinea-Bissau","PF",4,4,51,"2008",4
"Guyana","F",2,3,73,"2008",2.5
"Haiti","PF",4,5,47,"2008",4.5
"Honduras","PF",3,3,61,"2008",3
"Hungary","F",1,1,92,"2008",1
"Iceland","F",1,1,100,"2008",1
"India","F",2,3,76,"2008",2.5
"Indonesia","F",2,3,67,"2008",2.5
"Iran","NF",6,6,24,"2008",6
"Iraq","NF",6,6,23,"2008",6
"Ireland","F",1,1,97,"2008",1
"Israel","F",1,2,84,"2008",1.5
"Italy","F",1,1,92,"2008",1
"Jamaica","F",2,3,77,"2008",2.5
"Japan","F",1,2,88,"2008",1.5
"Jordan","PF",5,4,41,"2008",4.5
"Kazakhstan","NF",6,5,30,"2008",5.5
"Kenya","PF",4,3,58,"2008",3.5
"Kiribati","F",1,1,91,"2008",1
"Kosovo","NF",6,5,34,"2008",5.5
"Kuwait","PF",4,4,46,"2008",4
"Kyrgyzstan","PF",5,4,45,"2008",4.5
"Laos","NF",7,6,13,"2008",6.5
"Latvia","F",2,1,88,"2008",1.5
"Lebanon","PF",5,4,49,"2008",4.5
"Lesotho","F",2,3,71,"2008",2.5
"Liberia","PF",3,4,59,"2008",3.5
"Libya","NF",7,7,8,"2008",7
"Liechtenstein","F",1,1,100,"2008",1
"Lithuania","F",1,1,90,"2008",1
"Luxembourg","F",1,1,100,"2008",1
"Macedonia","PF",3,3,60,"2008",3
"Madagascar","PF",4,3,58,"2008",3.5
"Malawi","PF",4,4,57,"2008",4
"Malaysia","PF",4,4,46,"2008",4
"Maldives","NF",6,5,36,"2008",5.5
"Mali","F",2,3,72,"2008",2.5
"Malta","F",1,1,97,"2008",1
"Marshall Islands","F",1,1,92,"2008",1
"Mauritania","PF",4,4,52,"2008",4
"Mauritius","F",1,2,90,"2008",1.5
"Mexico","F",2,3,73,"2008",2.5
"Micronesia","F",1,1,93,"2008",1
"Moldova","PF",3,4,57,"2008",3.5
"Monaco","F",2,1,87,"2008",1.5
"Mongolia","F",2,2,82,"2008",2
"Montenegro","PF",3,3,65,"2008",3
"Morocco","PF",5,4,44,"2008",4.5
"Mozambique","PF",3,3,60,"2008",3
"Myanmar","NF",7,7,3,"2008",7
"Namibia","F",2,2,77,"2008",2
"Nauru","F",1,1,93,"2008",1
"Nepal","PF",5,4,46,"2008",4.5
"Netherlands","F",1,1,99,"2008",1
"New Zealand","F",1,1,96,"2008",1
"Nicaragua","PF",3,3,64,"2008",3
"Niger","PF",3,4,60,"2008",3.5
"Nigeria","PF",4,4,49,"2008",4
"North Korea","NF",7,7,2,"2008",7
"Norway","F",1,1,100,"2008",1
"Oman","NF",6,5,28,"2008",5.5
"Pakistan","NF",6,5,26,"2008",5.5
"Palau","F",1,1,92,"2008",1
"Panama","F",1,2,83,"2008",1.5
"Papua New Guinea","PF",3,3,60,"2008",3
"Paraguay","PF",3,3,62,"2008",3
"Peru","F",2,3,73,"2008",2.5
"Philippines","PF",4,3,61,"2008",3.5
"Poland","F",1,1,93,"2008",1
"Portugal","F",1,1,98,"2008",1
"Puerto Rico","F",1,1,92,"2008",1
"Qatar","NF",6,5,28,"2008",5.5
"Romania","F",2,2,81,"2008",2
"Russia","NF",6,5,32,"2008",5.5
"Rwanda","NF",6,5,34,"2008",5.5
"Samoa","F",2,2,81,"2008",2
"San Marino","F",1,1,100,"2008",1
"Sao Tome and Principe","F",2,2,80,"2008",2
"Saudi Arabia","NF",7,6,13,"2008",6.5
"Senegal","F",2,3,73,"2008",2.5
"Serbia","F",3,2,76,"2008",2.5
"Seychelles","PF",3,3,65,"2008",3
"Sierra Leone","PF",3,3,63,"2008",3
"Singapore","PF",5,4,49,"2008",4.5
"Slovakia","F",1,1,91,"2008",1
"Slovenia","F",1,1,91,"2008",1
"Solomon Islands","PF",4,3,63,"2008",3.5
"Somalia","NF",7,7,3,"2008",7
"South Africa","F",2,2,86,"2008",2
"South Korea","F",1,2,86,"2008",1.5
"Spain","F",1,1,96,"2008",1
"Sri Lanka","PF",4,4,52,"2008",4
"St. Kitts and Nevis","F",1,1,92,"2008",1
"St. Lucia","F",1,1,92,"2008",1
"St. Vincent and the Grenadines","F",2,1,88,"2008",1.5
"Sudan","NF",7,7,10,"2008",7
"Suriname","F",2,2,78,"2008",2
"Swaziland","NF",7,5,23,"2008",6
"Sweden","F",1,1,100,"2008",1
"Switzerland","F",1,1,97,"2008",1
"Syria","NF",7,6,9,"2008",6.5
"Taiwan","F",2,1,89,"2008",1.5
"Tajikistan","NF",6,5,28,"2008",5.5
"Tanzania","PF",4,3,58,"2008",3.5
"Thailand","PF",6,4,39,"2008",5
"The Gambia","PF",5,4,48,"2008",4.5
"Timor-Leste","PF",3,4,62,"2008",3.5
"Togo","PF",5,5,38,"2008",5
"Tonga","PF",5,3,55,"2008",4
"Trinidad and Tobago","F",2,2,81,"2008",2
"Tunisia","NF",7,5,23,"2008",6
"Turkey","PF",3,3,66,"2008",3
"Turkmenistan","NF",7,7,5,"2008",7
"Tuvalu","F",1,1,94,"2008",1
"Uganda","PF",5,4,45,"2008",4.5
"Ukraine","F",3,2,73,"2008",2.5
"United Arab Emirates","NF",6,5,26,"2008",5.5
"United Kingdom","F",1,1,97,"2008",1
"United States","F",1,1,94,"2008",1
"Uruguay","F",1,1,97,"2008",1
"Uzbekistan","NF",7,7,3,"2008",7
"Vanuatu","F",2,2,80,"2008",2
"Venezuela","PF",4,4,47,"2008",4
"Vietnam","NF",7,5,21,"2008",6
"Yemen","PF",5,5,34,"2008",5
"Zambia","PF",3,4,60,"2008",3.5
"Zimbabwe","NF",7,6,14,"2008",6.5
"Afghanistan","PF",5,5,35,"2007",5
"Albania","PF",3,3,64,"2007",3
"Algeria","NF",6,5,36,"2007",5.5
"Andorra","F",1,1,96,"2007",1
"Angola","NF",6,5,29,"2007",5.5
"Antigua and Barbuda","F",2,2,77,"2007",2
"Argentina","F",2,2,81,"2007",2
"Armenia","PF",5,4,41,"2007",4.5
"Australia","F",1,1,96,"2007",1
"Austria","F",1,1,98,"2007",1
"Azerbaijan","NF",6,5,32,"2007",5.5
"Bahamas","F",1,1,96,"2007",1
"Bahrain","PF",5,5,36,"2007",5
"Bangladesh","PF",4,4,53,"2007",4
"Barbados","F",1,1,99,"2007",1
"Belarus","NF",7,6,14,"2007",6.5
"Belgium","F",1,1,98,"2007",1
"Belize","F",1,2,87,"2007",1.5
"Benin","F",2,2,82,"2007",2
"Bhutan","NF",6,5,31,"2007",5.5
"Bolivia","PF",3,3,71,"2007",3
"Bosnia and Herzegovina","PF",3,3,64,"2007",3
"Botswana","F",2,2,78,"2007",2
"Brazil","F",2,2,76,"2007",2
"Brunei","NF",6,5,30,"2007",5.5
"Bulgaria","F",1,2,85,"2007",1.5
"Burkina Faso","PF",5,3,54,"2007",4
"Burundi","PF",4,5,45,"2007",4.5
"Cambodia","NF",6,5,35,"2007",5.5
"Cameroon","NF",6,6,27,"2007",6
"Canada","F",1,1,99,"2007",1
"Cape Verde","F",1,1,90,"2007",1
"Central African Republic","PF",5,4,43,"2007",4.5
"Chad","NF",6,6,22,"2007",6
"Chechnya","NF",7,7,6,"2007",7
"Chile","F",1,1,97,"2007",1
"China","NF",7,6,17,"2007",6.5
"Colombia","PF",3,3,62,"2007",3
"Comoros","PF",3,4,54,"2007",3.5
"Congo (Brazzaville)","NF",6,5,35,"2007",5.5
"Congo (Kinshasa)","NF",5,6,26,"2007",5.5
"Costa Rica","F",1,1,91,"2007",1
"Cote d'Ivoire","NF",7,6,21,"2007",6.5
"Croatia","F",2,2,85,"2007",2
"Cuba","NF",7,7,7,"2007",7
"Cyprus","F",1,1,95,"2007",1
"Czech Republic","F",1,1,95,"2007",1
"Denmark","F",1,1,98,"2007",1
"Djibouti","PF",5,5,35,"2007",5
"Dominica","F",1,1,92,"2007",1
"Dominican Republic","F",2,2,80,"2007",2
"Ecuador","PF",3,3,69,"2007",3
"Egypt","NF",6,5,27,"2007",5.5
"El Salvador","F",2,3,74,"2007",2.5
"Equatorial Guinea","NF",7,6,10,"2007",6.5
"Eritrea","NF",7,6,13,"2007",6.5
"Estonia","F",1,1,95,"2007",1
"Ethiopia","PF",5,5,34,"2007",5
"Fiji","PF",6,4,38,"2007",5
"Finland","F",1,1,100,"2007",1
"France","F",1,1,94,"2007",1
"Gabon","PF",6,4,37,"2007",5
"Georgia","PF",3,3,62,"2007",3
"Germany","F",1,1,96,"2007",1
"Ghana","F",1,2,84,"2007",1.5
"Greece","F",1,2,89,"2007",1.5
"Grenada","F",1,2,86,"2007",1.5
"Guatemala","PF",3,4,57,"2007",3.5
"Guinea","NF",6,5,32,"2007",5.5
"Guinea-Bissau","PF",4,4,55,"2007",4
"Guyana","F",2,3,73,"2007",2.5
"Haiti","PF",4,5,42,"2007",4.5
"Honduras","PF",3,3,62,"2007",3
"Hungary","F",1,1,92,"2007",1
"Iceland","F",1,1,100,"2007",1
"India","F",2,3,76,"2007",2.5
"Indonesia","F",2,3,65,"2007",2.5
"Iran","NF",6,6,23,"2007",6
"Iraq","NF",6,6,22,"2007",6
"Ireland","F",1,1,97,"2007",1
"Israel","F",1,2,84,"2007",1.5
"Italy","F",1,1,92,"2007",1
"Jamaica","F",2,3,74,"2007",2.5
"Japan","F",1,2,88,"2007",1.5
"Jordan","PF",5,4,42,"2007",4.5
"Kazakhstan","NF",6,5,32,"2007",5.5
"Kenya","PF",3,3,64,"2007",3
"Kiribati","F",1,1,91,"2007",1
"Kuwait","PF",4,4,46,"2007",4
"Kyrgyzstan","PF",5,4,46,"2007",4.5
"Laos","NF",7,6,13,"2007",6.5
"Latvia","F",1,1,89,"2007",1
"Lebanon","PF",5,4,51,"2007",4.5
"Lesotho","F",2,3,73,"2007",2.5
"Liberia","PF",3,4,57,"2007",3.5
"Libya","NF",7,7,8,"2007",7
"Liechtenstein","F",1,1,100,"2007",1
"Lithuania","F",1,1,90,"2007",1
"Luxembourg","F",1,1,100,"2007",1
"Macedonia","PF",3,3,60,"2007",3
"Madagascar","PF",4,3,59,"2007",3.5
"Malawi","PF",4,3,58,"2007",3.5
"Malaysia","PF",4,4,48,"2007",4
"Maldives","NF",6,5,34,"2007",5.5
"Mali","F",2,2,74,"2007",2
"Malta","F",1,1,98,"2007",1
"Marshall Islands","F",1,1,92,"2007",1
"Mauritania","PF",5,4,46,"2007",4.5
"Mauritius","F",1,2,89,"2007",1.5
"Mexico","F",2,3,76,"2007",2.5
"Micronesia","F",1,1,93,"2007",1
"Moldova","PF",3,4,57,"2007",3.5
"Monaco","F",2,1,87,"2007",1.5
"Mongolia","F",2,2,82,"2007",2
"Montenegro","PF",3,3,65,"2007",3
"Morocco","PF",5,4,45,"2007",4.5
"Mozambique","PF",3,4,58,"2007",3.5
"Myanmar","NF",7,7,4,"2007",7
"Namibia","F",2,2,77,"2007",2
"Nauru","F",1,1,93,"2007",1
"Nepal","PF",5,4,45,"2007",4.5
"Netherlands","F",1,1,99,"2007",1
"New Zealand","F",1,1,96,"2007",1
"Nicaragua","PF",3,3,67,"2007",3
"Niger","PF",3,3,64,"2007",3
"Nigeria","PF",4,4,51,"2007",4
"North Korea","NF",7,7,1,"2007",7
"Norway","F",1,1,100,"2007",1
"Oman","NF",6,5,28,"2007",5.5
"Pakistan","NF",6,5,35,"2007",5.5
"Palau","F",1,1,92,"2007",1
"Panama","F",1,2,83,"2007",1.5
"Papua New Guinea","PF",3,3,62,"2007",3
"Paraguay","PF",3,3,63,"2007",3
"Peru","F",2,3,73,"2007",2.5
"Philippines","PF",3,3,69,"2007",3
"Poland","F",1,1,91,"2007",1
"Portugal","F",1,1,97,"2007",1
"Puerto Rico","F",1,1,92,"2007",1
"Qatar","NF",6,5,27,"2007",5.5
"Romania","F",2,2,81,"2007",2
"Russia","NF",6,5,34,"2007",5.5
"Rwanda","NF",6,5,33,"2007",5.5
"Samoa","F",2,2,81,"2007",2
"San Marino","F",1,1,100,"2007",1
"Sao Tome and Principe","F",2,2,80,"2007",2
"Saudi Arabia","NF",7,6,13,"2007",6.5
"Senegal","F",2,3,76,"2007",2.5
"Serbia","F",3,2,76,"2007",2.5
"Seychelles","PF",3,3,66,"2007",3
"Sierra Leone","PF",4,3,60,"2007",3.5
"Singapore","PF",5,4,49,"2007",4.5
"Slovakia","F",1,1,91,"2007",1
"Slovenia","F",1,1,91,"2007",1
"Solomon Islands","PF",4,3,65,"2007",3.5
"Somalia","NF",7,7,4,"2007",7
"South Africa","F",2,2,86,"2007",2
"South Korea","F",1,2,87,"2007",1.5
"Spain","F",1,1,96,"2007",1
"Sri Lanka","PF",4,4,56,"2007",4
"St. Kitts and Nevis","F",1,1,91,"2007",1
"St. Lucia","F",1,1,91,"2007",1
"St. Vincent and the Grenadines","F",2,1,87,"2007",1.5
"Sudan","NF",7,7,10,"2007",7
"Suriname","F",2,2,77,"2007",2
"Swaziland","NF",7,5,23,"2007",6
"Sweden","F",1,1,100,"2007",1
"Switzerland","F",1,1,99,"2007",1
"Syria","NF",7,6,9,"2007",6.5
"Taiwan","F",2,1,89,"2007",1.5
"Tajikistan","NF",6,5,28,"2007",5.5
"Tanzania","PF",4,3,58,"2007",3.5
"Thailand","NF",7,4,36,"2007",5.5
"The Gambia","PF",5,4,48,"2007",4.5
"Timor-Leste","PF",3,4,59,"2007",3.5
"Togo","NF",6,5,29,"2007",5.5
"Tonga","PF",5,3,55,"2007",4
"Trinidad and Tobago","F",2,2,80,"2007",2
"Tunisia","NF",6,5,24,"2007",5.5
"Turkey","PF",3,3,65,"2007",3
"Turkmenistan","NF",7,7,1,"2007",7
"Tuvalu","F",1,1,94,"2007",1
"Uganda","PF",5,4,46,"2007",4.5
"Ukraine","F",3,2,73,"2007",2.5
"United Arab Emirates","NF",6,5,25,"2007",5.5
"United Kingdom","F",1,1,98,"2007",1
"United States","F",1,1,93,"2007",1
"Uruguay","F",1,1,97,"2007",1
"Uzbekistan","NF",7,7,3,"2007",7
"Vanuatu","F",2,2,80,"2007",2
"Venezuela","PF",4,4,51,"2007",4
"Vietnam","NF",7,5,21,"2007",6
"Yemen","PF",5,5,33,"2007",5
"Zambia","PF",3,4,59,"2007",3.5
"Zimbabwe","NF",7,6,13,"2007",6.5
"Afghanistan","PF",5,5,35,"2006",5
"Albania","PF",3,3,63,"2006",3
"Algeria","NF",6,5,36,"2006",5.5
"Andorra","F",1,1,96,"2006",1
"Angola","NF",6,5,29,"2006",5.5
"Antigua and Barbuda","F",2,2,77,"2006",2
"Argentina","F",2,2,84,"2006",2
"Armenia","PF",5,4,41,"2006",4.5
"Australia","F",1,1,96,"2006",1
"Austria","F",1,1,98,"2006",1
"Azerbaijan","NF",6,5,33,"2006",5.5
"Bahamas","F",1,1,96,"2006",1
"Bahrain","PF",5,5,36,"2006",5
"Bangladesh","PF",4,4,53,"2006",4
"Barbados","F",1,1,99,"2006",1
"Belarus","NF",7,6,15,"2006",6.5
"Belgium","F",1,1,97,"2006",1
"Belize","F",1,2,88,"2006",1.5
"Benin","F",2,2,78,"2006",2
"Bhutan","NF",6,5,29,"2006",5.5
"Bolivia","PF",3,3,71,"2006",3
"Bosnia and Herzegovina","PF",4,3,62,"2006",3.5
"Botswana","F",2,2,78,"2006",2
"Brazil","F",2,2,77,"2006",2
"Brunei","NF",6,5,29,"2006",5.5
"Bulgaria","F",1,2,87,"2006",1.5
"Burkina Faso","PF",5,3,53,"2006",4
"Burundi","PF",3,5,49,"2006",4
"Cambodia","NF",6,5,35,"2006",5.5
"Cameroon","NF",6,6,27,"2006",6
"Canada","F",1,1,98,"2006",1
"Cape Verde","F",1,1,90,"2006",1
"Central African Republic","PF",5,4,44,"2006",4.5
"Chad","NF",6,5,26,"2006",5.5
"Chile","F",1,1,96,"2006",1
"China","NF",7,6,17,"2006",6.5
"Colombia","PF",3,3,60,"2006",3
"Comoros","PF",4,4,48,"2006",4
"Congo (Brazzaville)","PF",5,5,37,"2006",5
"Congo (Kinshasa)","NF",6,6,20,"2006",6
"Costa Rica","F",1,1,92,"2006",1
"Cote dIvoire","NF",6,6,21,"2006",6
"Croatia","F",2,2,84,"2006",2
"Cuba","NF",7,7,8,"2006",7
"Cyprus","F",1,1,95,"2006",1
"Czech Republic","F",1,1,92,"2006",1
"Denmark","F",1,1,98,"2006",1
"Djibouti","PF",5,5,35,"2006",5
"Dominica","F",1,1,92,"2006",1
"Dominican Republic","F",2,2,78,"2006",2
"Ecuador","PF",3,3,68,"2006",3
"Egypt","NF",6,5,30,"2006",5.5
"El Salvador","F",2,3,75,"2006",2.5
"Equatorial Guinea","NF",7,6,10,"2006",6.5
"Eritrea","NF",7,6,14,"2006",6.5
"Estonia","F",1,1,95,"2006",1
"Ethiopia","PF",5,5,36,"2006",5
"Fiji","PF",4,3,62,"2006",3.5
"Finland","F",1,1,100,"2006",1
"France","F",1,1,93,"2006",1
"Gabon","PF",6,4,40,"2006",5
"Georgia","PF",3,3,61,"2006",3
"Germany","F",1,1,97,"2006",1
"Ghana","F",1,2,84,"2006",1.5
"Greece","F",1,2,88,"2006",1.5
"Grenada","F",1,2,87,"2006",1.5
"Guatemala","PF",4,4,55,"2006",4
"Guinea","NF",6,5,32,"2006",5.5
"Guinea-Bissau","PF",3,4,59,"2006",3.5
"Guyana","PF",3,3,70,"2006",3
"Haiti","NF",7,6,21,"2006",6.5
"Honduras","PF",3,3,66,"2006",3
"Hungary","F",1,1,93,"2006",1
"Iceland","F",1,1,100,"2006",1
"India","F",2,3,76,"2006",2.5
"Indonesia","F",2,3,65,"2006",2.5
"Iran","NF",6,6,24,"2006",6
"Iraq","NF",6,5,28,"2006",5.5
"Ireland","F",1,1,98,"2006",1
"Israel","F",1,2,83,"2006",1.5
"Italy","F",1,1,92,"2006",1
"Jamaica","F",2,3,74,"2006",2.5
"Japan","F",1,2,88,"2006",1.5
"Jordan","PF",5,4,42,"2006",4.5
"Kazakhstan","NF",6,5,32,"2006",5.5
"Kenya","PF",3,3,66,"2006",3
"Kiribati","F",1,1,93,"2006",1
"Kuwait","PF",4,5,43,"2006",4.5
"Kyrgyzstan","PF",5,4,47,"2006",4.5
"Laos","NF",7,6,13,"2006",6.5
"Latvia","F",1,1,89,"2006",1
"Lebanon","PF",5,4,46,"2006",4.5
"Lesotho","F",2,3,74,"2006",2.5
"Liberia","PF",4,4,56,"2006",4
"Libya","NF",7,7,7,"2006",7
"Liechtenstein","F",1,1,99,"2006",1
"Lithuania","F",1,1,90,"2006",1
"Luxembourg","F",1,1,100,"2006",1
"Macedonia","PF",3,3,61,"2006",3
"Madagascar","PF",3,3,60,"2006",3
"Malawi","PF",4,4,57,"2006",4
"Malaysia","PF",4,4,50,"2006",4
"Maldives","NF",6,5,31,"2006",5.5
"Mali","F",2,2,74,"2006",2
"Malta","F",1,1,98,"2006",1
"Marshall Islands","F",1,1,92,"2006",1
"Mauritania","PF",6,4,38,"2006",5
"Mauritius","F",1,1,91,"2006",1
"Mexico","F",2,2,80,"2006",2
"Micronesia","F",1,1,93,"2006",1
"Moldova","PF",3,4,57,"2006",3.5
"Monaco","F",2,1,87,"2006",1.5
"Mongolia","F",2,2,83,"2006",2
"Morocco","PF",5,4,43,"2006",4.5
"Mozambique","PF",3,4,56,"2006",3.5
"Myanmar","NF",7,7,5,"2006",7
"Namibia","F",2,2,77,"2006",2
"Nauru","F",1,1,93,"2006",1
"Nepal","NF",6,5,28,"2006",5.5
"Netherlands","F",1,1,99,"2006",1
"New Zealand","F",1,1,96,"2006",1
"Nicaragua","PF",3,3,63,"2006",3
"Niger","PF",3,3,62,"2006",3
"Nigeria","PF",4,4,48,"2006",4
"North Korea","NF",7,7,0,"2006",7
"Norway","F",1,1,100,"2006",1
"Oman","NF",6,5,28,"2006",5.5
"Pakistan","NF",6,5,35,"2006",5.5
"Palau","F",1,1,92,"2006",1
"Panama","F",1,2,83,"2006",1.5
"Papua New Guinea","PF",3,3,64,"2006",3
"Paraguay","PF",3,3,63,"2006",3
"Peru","F",2,3,74,"2006",2.5
"Philippines","PF",3,3,72,"2006",3
"Poland","F",1,1,92,"2006",1
"Portugal","F",1,1,97,"2006",1
"Qatar","NF",6,5,27,"2006",5.5
"Romania","F",2,2,75,"2006",2
"Russia","NF",6,5,35,"2006",5.5
"Rwanda","NF",6,5,32,"2006",5.5
"Samoa","F",2,2,81,"2006",2
"San Marino","F",1,1,100,"2006",1
"Sao Tome and Principe","F",2,2,80,"2006",2
"Saudi Arabia","NF",7,6,12,"2006",6.5
"Senegal","F",2,3,76,"2006",2.5
"Serbia and Montenegro","F",3,2,76,"2006",2.5
"Seychelles","PF",3,3,68,"2006",3
"Sierra Leone","PF",4,3,60,"2006",3.5
"Singapore","PF",5,4,50,"2006",4.5
"Slovakia","F",1,1,91,"2006",1
"Slovenia","F",1,1,92,"2006",1
"Solomon Islands","PF",3,3,66,"2006",3
"Somalia","NF",6,7,15,"2006",6.5
"South Africa","F",1,2,88,"2006",1.5
"South Korea","F",1,2,85,"2006",1.5
"Spain","F",1,1,95,"2006",1
"Sri Lanka","PF",3,3,59,"2006",3
"St. Kitts and Nevis","F",1,1,91,"2006",1
"St. Lucia","F",1,1,91,"2006",1
"St. Vincent and the Grenadines","F",2,1,85,"2006",1.5
"Sudan","NF",7,7,7,"2006",7
"Suriname","F",2,2,78,"2006",2
"Swaziland","NF",7,5,21,"2006",6
"Sweden","F",1,1,100,"2006",1
"Switzerland","F",1,1,99,"2006",1
"Syria","NF",7,7,8,"2006",7
"Taiwan","F",1,1,91,"2006",1
"Tajikistan","NF",6,5,30,"2006",5.5
"Tanzania","PF",4,3,58,"2006",3.5
"Thailand","PF",3,3,67,"2006",3
"The Gambia","PF",5,4,49,"2006",4.5
"Timor-Leste","PF",3,3,67,"2006",3
"Togo","NF",6,5,25,"2006",5.5
"Tonga","PF",5,3,57,"2006",4
"Transnistria","NF",6,6,21,"2006",6
"Trinidad and Tobago","F",3,2,74,"2006",2.5
"Tunisia","NF",6,5,24,"2006",5.5
"Turkey","PF",3,3,65,"2006",3
"Turkmenistan","NF",7,7,1,"2006",7
"Tuvalu","F",1,1,94,"2006",1
"Uganda","PF",5,4,45,"2006",4.5
"Ukraine","F",3,2,72,"2006",2.5
"United Arab Emirates","NF",6,6,22,"2006",6
"United Kingdom","F",1,1,96,"2006",1
"United States","F",1,1,93,"2006",1
"Uruguay","F",1,1,97,"2006",1
"Uzbekistan","NF",7,7,3,"2006",7
"Vanuatu","F",2,2,80,"2006",2
"Venezuela","PF",4,4,54,"2006",4
"Vietnam","NF",7,5,19,"2006",6
"Yemen","PF",5,5,31,"2006",5
"Zambia","PF",4,4,56,"2006",4
"Zimbabwe","NF",7,6,15,"2006",6.5
